Date,Speed,Altitude,Pressure,X,Y,Z,G,Latitude,Longitude,Heading,Magnetic Field,Sound Level,Luminance,Heart Rate
"2021-02-07 16:02:50.306",0.000000,0.000000,0.000000,0.030319,-0.992386,-0.108643,0.998775,0.000000,0.000000,0.000000,0.000000,0.000000,0.000000,HRDATA
"2021-02-07 16:02:50.406",0.000000,0.000000,0.000000,0.032181,-0.991867,-0.109161,0.998375,0.000000,0.000000,0.000000,0.000000,0.000000,0.000000,HRDATA
"2021-02-07 16:02:50.507",0.000000,0.000000,0.000000,0.032059,-0.990829,-0.109436,0.997370,0.000000,0.000000,0.000000,0.000000,0.000000,0.000000,HRDATA
"2021-02-07 16:02:50.606",0.000000,0.000000,0.000000,0.031189,-0.992783,-0.108749,0.999208,0.000000,0.000000,0.000000,0.000000,0.000000,0.000000,HRDATA
"2021-02-07 16:02:50.706",0.000000,0.000000,0.000000,0.032349,-0.990723,-0.109665,0.997298,0.000000,0.000000,0.000000,0.000000,0.000000,0.000000,HRDATA
"2021-02-07 16:02:50.806",0.000000,0.000000,0.000000,0.031265,-0.991226,-0.109467,0.997742,0.000000,0.000000,0.000000,0.000000,0.000000,0.000000,HRDATA
"2021-02-07 16:02:50.906",0.000000,0.000000,0.000000,0.032944,-0.991058,-0.109497,0.997633,0.000000,0.000000,0.000000,0.000000,0.000000,0.000000,HRDATA
"2021-02-07 16:02:51.007",0.000000,0.000000,0.000000,0.018600,-0.988937,-0.102859,0.994446,0.000000,0.000000,0.000000,0.000000,0.000000,0.000000,HRDATA
"2021-02-07 16:02:51.107",0.000000,0.000000,0.000000,0.032349,-0.990280,-0.110229,0.996921,0.000000,0.000000,0.000000,0.000000,0.000000,0.000000,HRDATA
"2021-02-07 16:02:51.206",0.000000,0.000000,0.000000,0.034698,-0.990326,-0.108551,0.996861,0.000000,0.000000,0.000000,0.000000,0.000000,0.000000,HRDATA
"2021-02-07 16:02:51.307",0.000000,0.000000,0.000000,0.030075,-0.992004,-0.109375,0.998469,0.000000,0.000000,0.000000,0.000000,0.000000,0.000000,HRDATA
"2021-02-07 16:02:51.406",0.000000,0.000000,0.000000,0.032669,-0.992004,-0.110397,0.998663,0.000000,0.000000,0.000000,0.000000,0.000000,0.000000,HRDATA
"2021-02-07 16:02:51.507",0.000000,0.000000,0.000000,0.028275,-0.989334,-0.105667,0.995363,0.000000,0.000000,0.000000,0.000000,0.000000,0.000000,HRDATA
"2021-02-07 16:02:51.606",0.000000,0.000000,0.000000,0.037476,-0.990662,-0.112701,0.997756,0.000000,0.000000,0.000000,0.000000,0.000000,0.000000,HRDATA
"2021-02-07 16:02:51.706",0.000000,0.000000,0.000000,0.039612,-0.984268,-0.109818,0.991167,0.000000,0.000000,0.000000,0.000000,0.000000,0.000000,HRDATA
"2021-02-07 16:02:51.806",0.000000,0.000000,0.000000,0.038147,-0.990845,-0.112381,0.997927,0.000000,0.000000,0.000000,0.000000,0.000000,0.000000,HRDATA
"2021-02-07 16:02:51.906",0.000000,0.000000,0.000000,0.029236,-0.992081,-0.106537,0.998213,0.000000,0.000000,0.000000,0.000000,0.000000,0.000000,HRDATA
"2021-02-07 16:02:52.006",0.000000,0.000000,0.000000,0.033417,-0.988586,-0.112167,0.995490,0.000000,0.000000,0.000000,0.000000,0.000000,0.000000,HRDATA
"2021-02-07 16:02:52.106",0.000000,0.000000,0.000000,0.032745,-0.991425,-0.108322,0.997862,0.000000,0.000000,0.000000,0.000000,0.000000,0.000000,HRDATA
"2021-02-07 16:02:52.207",0.000000,0.000000,0.000000,0.031311,-0.991806,-0.109421,0.998315,0.000000,0.000000,0.000000,0.000000,0.000000,0.000000,HRDATA
"2021-02-07 16:02:52.307",0.000000,0.000000,0.000000,0.033218,-0.992249,-0.110596,0.998945,0.000000,0.000000,0.000000,0.000000,0.000000,0.000000,HRDATA
"2021-02-07 16:02:52.406",0.000000,0.000000,0.000000,0.030243,-0.991272,-0.108551,0.997656,0.000000,0.000000,0.000000,0.000000,0.000000,0.000000,HRDATA
"2021-02-07 16:02:52.507",0.000000,0.000000,0.000000,0.019104,-0.985031,-0.102478,0.990532,0.000000,0.000000,0.000000,0.000000,0.000000,0.000000,HRDATA
"2021-02-07 16:02:52.607",0.000000,0.000000,0.000000,0.015808,-0.984238,-0.103851,0.989828,0.000000,0.000000,0.000000,0.000000,0.000000,0.000000,HRDATA
"2021-02-07 16:02:52.706",0.000000,0.000000,0.000000,0.034470,-0.990997,-0.108810,0.997549,0.000000,0.000000,0.000000,0.000000,0.000000,0.000000,HRDATA
"2021-02-07 16:02:52.806",0.000000,0.000000,0.000000,0.038162,-0.991867,-0.109985,0.998676,0.000000,0.000000,0.000000,0.000000,0.000000,0.000000,HRDATA
"2021-02-07 16:02:52.906",0.000000,0.000000,0.000000,0.031219,-0.990662,-0.108612,0.997087,0.000000,0.000000,0.000000,0.000000,0.000000,0.000000,HRDATA
"2021-02-07 16:02:53.007",0.000000,0.000000,0.000000,0.034271,-0.992538,-0.109360,0.999133,0.000000,0.000000,0.000000,0.000000,0.000000,0.000000,HRDATA
"2021-02-07 16:02:53.106",0.000000,0.000000,0.000000,0.029877,-0.990952,-0.110016,0.997487,0.000000,0.000000,0.000000,0.000000,0.000000,0.000000,HRDATA
"2021-02-07 16:02:53.207",0.000000,0.000000,0.000000,0.032867,-0.990250,-0.108673,0.996737,0.000000,0.000000,0.000000,0.000000,0.000000,0.000000,HRDATA
"2021-02-07 16:02:53.306",0.000000,0.000000,0.000000,0.031113,-0.991943,-0.107971,0.998287,0.000000,0.000000,0.000000,0.000000,0.000000,0.000000,HRDATA
"2021-02-07 16:02:53.407",0.000000,0.000000,0.000000,0.032486,-0.989517,-0.108475,0.995975,0.000000,0.000000,0.000000,0.000000,0.000000,0.000000,HRDATA
"2021-02-07 16:02:53.507",0.000000,0.000000,0.000000,0.032486,-0.989014,-0.108322,0.995458,0.000000,0.000000,0.000000,0.000000,0.000000,0.000000,HRDATA
"2021-02-07 16:02:53.606",0.000000,0.000000,0.000000,0.032059,-0.991058,-0.109116,0.997562,0.000000,0.000000,0.000000,0.000000,0.000000,0.000000,HRDATA
"2021-02-07 16:02:53.707",0.000000,0.000000,0.000000,0.030518,-0.990768,-0.108505,0.997159,0.000000,0.000000,0.000000,0.000000,0.000000,0.000000,HRDATA
"2021-02-07 16:02:53.806",0.000000,0.000000,0.000000,0.032562,-0.990829,-0.109238,0.997365,0.000000,0.000000,0.000000,0.000000,0.000000,0.000000,HRDATA
"2021-02-07 16:02:53.907",0.000000,0.000000,0.000000,0.031265,-0.988647,-0.108536,0.995079,0.000000,0.000000,0.000000,0.000000,0.000000,0.000000,HRDATA
"2021-02-07 16:02:54.006",0.000000,0.000000,0.000000,0.033188,-0.991272,-0.108749,0.997772,0.000000,0.000000,0.000000,0.000000,0.000000,0.000000,HRDATA
"2021-02-07 16:02:54.106",0.000000,0.000000,0.000000,0.032272,-0.990860,-0.110413,0.997515,0.000000,0.000000,0.000000,0.000000,0.000000,0.000000,HRDATA
"2021-02-07 16:02:54.206",0.000000,0.000000,0.000000,0.032303,-0.991547,-0.108688,0.998009,0.000000,0.000000,0.000000,0.000000,0.000000,0.000000,HRDATA
"2021-02-07 16:02:54.306",0.000000,0.000000,0.000000,0.032700,-0.991287,-0.108383,0.997731,0.000000,0.000000,0.000000,0.000000,0.000000,0.000000,HRDATA
"2021-02-07 16:02:54.407",0.000000,0.000000,0.000000,0.033218,-0.991226,-0.108322,0.997681,0.000000,0.000000,0.000000,0.000000,0.000000,0.000000,HRDATA
"2021-02-07 16:02:54.507",0.000000,0.000000,0.000000,0.032135,-0.991135,-0.109360,0.997667,0.000000,0.000000,0.000000,0.000000,0.000000,0.000000,HRDATA
"2021-02-07 16:02:54.606",0.000000,0.000000,0.000000,0.031860,-0.991287,-0.108795,0.997748,0.000000,0.000000,0.000000,0.000000,0.000000,0.000000,HRDATA
"2021-02-07 16:02:54.707",0.000000,0.000000,0.000000,0.032257,-0.991470,-0.108398,0.997900,0.000000,0.000000,0.000000,0.000000,0.000000,0.000000,HRDATA
"2021-02-07 16:02:54.807",0.000000,0.000000,0.000000,0.032578,-0.992126,-0.109344,0.998665,0.000000,0.000000,0.000000,0.000000,0.000000,0.000000,HRDATA
"2021-02-07 16:02:54.907",0.000000,0.000000,0.000000,0.032654,-0.991959,-0.108246,0.998381,0.000000,0.000000,0.000000,0.000000,0.000000,0.000000,HRDATA
"2021-02-07 16:02:55.006",0.000000,0.000000,0.000000,0.032516,-0.991058,-0.109543,0.997624,0.000000,0.000000,0.000000,0.000000,0.000000,0.000000,HRDATA
"2021-02-07 16:02:55.107",0.000000,0.000000,0.000000,0.032211,-0.991501,-0.109009,0.997995,0.000000,0.000000,0.000000,0.000000,0.000000,0.000000,HRDATA
"2021-02-07 16:02:55.207",0.000000,0.000000,0.000000,0.031113,-0.992126,-0.108810,0.998560,0.000000,0.000000,0.000000,0.000000,0.000000,0.000000,HRDATA
"2021-02-07 16:02:55.307",0.000000,0.000000,0.000000,0.031967,-0.990936,-0.108597,0.997382,0.000000,0.000000,0.000000,0.000000,0.000000,0.000000,HRDATA
"2021-02-07 16:02:55.407",0.000000,0.000000,0.000000,0.032043,-0.991669,-0.109329,0.998192,0.000000,0.000000,0.000000,0.000000,0.000000,0.000000,HRDATA
"2021-02-07 16:02:55.507",0.000000,0.000000,0.000000,0.031326,-0.992737,-0.108871,0.999180,0.000000,0.000000,0.000000,0.000000,0.000000,0.000000,HRDATA
"2021-02-07 16:02:55.607",0.000000,0.000000,0.000000,0.034592,-0.991837,-0.107361,0.998230,0.000000,0.000000,0.000000,0.000000,0.000000,0.000000,HRDATA
"2021-02-07 16:02:55.707",0.000000,0.000000,0.000000,0.030182,-0.990982,-0.108780,0.997391,0.000000,0.000000,0.000000,0.000000,0.000000,0.000000,HRDATA
"2021-02-07 16:02:55.807",0.000000,0.000000,0.000000,0.032684,-0.991425,-0.109390,0.997977,0.000000,0.000000,0.000000,0.000000,0.000000,0.000000,HRDATA
"2021-02-07 16:02:55.907",0.000000,0.000000,0.000000,0.040237,-0.993500,-0.078598,0.997416,0.000000,0.000000,0.000000,0.000000,0.000000,0.000000,HRDATA
"2021-02-07 16:02:56.007",0.000000,0.000000,0.000000,0.062485,-0.993118,-0.128891,1.003395,0.000000,0.000000,0.000000,0.000000,0.000000,0.000000,HRDATA
"2021-02-07 16:02:56.107",0.000000,0.000000,0.000000,0.004547,-1.017670,-0.092896,1.021911,0.000000,0.000000,0.000000,0.000000,0.000000,0.000000,HRDATA
"2021-02-07 16:02:56.207",0.000000,0.000000,0.000000,0.114426,-1.163849,-0.005783,1.169475,0.000000,0.000000,0.000000,0.000000,0.000000,0.000000,HRDATA
"2021-02-07 16:02:56.307",0.000000,0.000000,0.000000,0.119919,-1.483185,-0.133224,1.493977,0.000000,0.000000,0.000000,0.000000,0.000000,0.000000,HRDATA
"2021-02-07 16:02:56.407",0.000000,0.000000,0.000000,-0.004578,-1.263412,-0.046097,1.264261,0.000000,0.000000,0.000000,0.000000,0.000000,0.000000,HRDATA
"2021-02-07 16:02:56.507",0.000000,0.000000,0.000000,-0.036804,-1.001526,-0.067917,1.004501,0.000000,0.000000,0.000000,0.000000,0.000000,0.000000,HRDATA
"2021-02-07 16:02:56.607",0.000000,0.000000,0.000000,-0.066040,-0.880768,0.109818,0.890041,0.000000,0.000000,0.000000,0.000000,0.000000,0.000000,HRDATA
"2021-02-07 16:02:56.707",0.000000,0.000000,0.000000,0.081711,-0.891449,0.217407,0.921208,0.000000,0.000000,0.000000,0.000000,0.000000,0.000000,HRDATA
"2021-02-07 16:02:56.807",0.000000,0.000000,0.000000,0.068451,-0.771133,0.168747,0.792343,0.000000,0.000000,0.000000,0.000000,0.000000,0.000000,HRDATA
"2021-02-07 16:02:56.907",0.000000,0.000000,0.000000,-0.097504,-0.917694,-0.021530,0.923110,0.000000,0.000000,0.000000,0.000000,0.000000,0.000000,HRDATA
"2021-02-07 16:02:57.007",0.000000,0.000000,0.000000,0.071060,-1.594986,0.311523,1.626677,0.000000,0.000000,0.000000,0.000000,0.000000,0.000000,HRDATA
"2021-02-07 16:02:57.107",0.000000,0.000000,0.000000,-0.002151,-1.908783,0.200851,1.919322,0.000000,0.000000,0.000000,0.000000,0.000000,0.000000,HRDATA
"2021-02-07 16:02:57.207",0.000000,0.000000,0.000000,0.214386,-1.486374,-0.111450,1.505885,0.000000,0.000000,0.000000,0.000000,0.000000,0.000000,HRDATA
"2021-02-07 16:02:57.307",0.000000,0.000000,0.000000,-0.036316,-2.084320,0.333862,2.111202,0.000000,0.000000,0.000000,0.000000,0.000000,0.000000,HRDATA
"2021-02-07 16:02:57.407",0.000000,0.000000,0.000000,0.120132,-0.805756,0.280396,0.861566,0.000000,0.000000,0.000000,0.000000,0.000000,0.000000,HRDATA
"2021-02-07 16:02:57.507",0.000000,0.000000,0.000000,-0.077026,-0.435928,0.138168,0.463742,0.000000,0.000000,0.000000,0.000000,0.000000,0.000000,HRDATA
"2021-02-07 16:02:57.607",0.000000,0.000000,0.000000,0.013809,0.133408,0.006744,0.134290,0.000000,0.000000,0.000000,0.000000,0.000000,0.000000,HRDATA
"2021-02-07 16:02:57.707",0.000000,0.000000,0.000000,0.006256,0.189163,0.009369,0.189498,0.000000,0.000000,0.000000,0.000000,0.000000,0.000000,HRDATA
"2021-02-07 16:02:57.807",0.000000,0.000000,0.000000,0.039032,0.045502,0.013260,0.061398,0.000000,0.000000,0.000000,0.000000,0.000000,0.000000,HRDATA
"2021-02-07 16:02:57.907",0.000000,0.000000,0.000000,0.042725,-0.187424,0.017700,0.193045,0.000000,0.000000,0.000000,0.000000,0.000000,0.000000,HRDATA
"2021-02-07 16:02:58.007",0.000000,0.000000,0.000000,-0.118820,-0.888916,0.038086,0.897630,0.000000,0.000000,0.000000,0.000000,0.000000,0.000000,HRDATA
"2021-02-07 16:02:58.107",0.000000,0.000000,0.000000,0.109131,-1.838272,-0.061081,1.842521,0.000000,0.000000,0.000000,0.000000,0.000000,0.000000,HRDATA
"2021-02-07 16:02:58.207",0.000000,0.000000,0.000000,0.105225,-2.293472,0.336090,2.320354,0.000000,0.000000,0.000000,0.000000,0.000000,0.000000,HRDATA
"2021-02-07 16:02:58.307",0.000000,0.000000,0.000000,0.008408,-2.345154,0.172333,2.351492,0.000000,0.000000,0.000000,0.000000,0.000000,0.000000,HRDATA
"2021-02-07 16:02:58.407",0.000000,0.000000,0.000000,-0.008835,-2.384872,0.112274,2.387530,0.000000,0.000000,0.000000,0.000000,0.000000,0.000000,HRDATA
"2021-02-07 16:02:58.507",0.000000,0.000000,0.000000,-0.068542,-1.207489,0.252151,1.235438,0.000000,0.000000,0.000000,0.000000,0.000000,0.000000,HRDATA
"2021-02-07 16:02:58.607",0.000000,0.000000,0.000000,-0.001648,-2.052292,0.446945,2.100396,0.000000,0.000000,0.000000,0.000000,0.000000,0.000000,HRDATA
"2021-02-07 16:02:58.707",0.000000,0.000000,0.000000,0.072678,-2.994232,-0.058945,2.995694,0.000000,0.000000,0.000000,0.000000,0.000000,0.000000,HRDATA
"2021-02-07 16:02:58.807",0.000000,0.000000,0.000000,-0.019867,-2.576553,0.371078,2.603214,0.000000,0.000000,0.000000,0.000000,0.000000,0.000000,HRDATA
"2021-02-07 16:02:58.907",0.000000,0.000000,0.000000,0.101578,-1.419113,0.700150,1.585689,0.000000,0.000000,0.000000,0.000000,0.000000,0.000000,HRDATA
"2021-02-07 16:02:59.007",0.000000,0.000000,0.000000,0.090286,-0.068924,0.059540,0.128246,0.000000,0.000000,0.000000,0.000000,0.000000,0.000000,HRDATA
"2021-02-07 16:02:59.107",0.000000,0.000000,0.000000,0.008057,0.047913,0.073715,0.088286,0.000000,0.000000,0.000000,0.000000,0.000000,0.000000,HRDATA
"2021-02-07 16:02:59.207",0.000000,0.000000,0.000000,-0.018677,0.093918,0.084534,0.127731,0.000000,0.000000,0.000000,0.000000,0.000000,0.000000,HRDATA
"2021-02-07 16:02:59.307",0.000000,0.000000,0.000000,0.037903,0.138916,-0.023911,0.145966,0.000000,0.000000,0.000000,0.000000,0.000000,0.000000,HRDATA
"2021-02-07 16:02:59.406",0.000000,0.000000,0.000000,0.045593,0.061295,-0.049622,0.091094,0.000000,0.000000,0.000000,0.000000,0.000000,0.000000,HRDATA
"2021-02-07 16:02:59.507",0.000000,0.000000,0.000000,-0.037689,-0.333740,0.029358,0.337142,0.000000,0.000000,0.000000,0.000000,0.000000,0.000000,HRDATA
"2021-02-07 16:02:59.607",0.000000,0.000000,0.000000,0.000122,-1.368286,-0.045395,1.369039,0.000000,0.000000,0.000000,0.000000,0.000000,0.000000,HRDATA
"2021-02-07 16:02:59.706",0.000000,0.000000,0.000000,0.017380,-2.775055,0.292694,2.790502,0.000000,0.000000,0.000000,0.000000,0.000000,0.000000,HRDATA
"2021-02-07 16:02:59.807",0.000000,0.000000,0.000000,0.027222,-2.459152,0.261597,2.473177,0.000000,0.000000,0.000000,0.000000,0.000000,0.000000,HRDATA
"2021-02-07 16:02:59.907",0.000000,0.000000,0.000000,-0.173782,-2.409271,-0.107101,2.417904,0.000000,0.000000,0.000000,0.000000,0.000000,0.000000,HRDATA
"2021-02-07 16:03:00.007",0.000000,0.000000,0.000000,-0.052948,-1.261780,0.242920,1.286041,0.000000,0.000000,0.000000,0.000000,0.000000,0.000000,HRDATA
"2021-02-07 16:03:00.107",0.000000,0.000000,0.000000,0.022171,-1.974503,0.489975,2.034509,0.000000,0.000000,0.000000,0.000000,0.000000,0.000000,HRDATA
"2021-02-07 16:03:00.207",0.000000,0.000000,0.000000,0.099121,-2.710297,-0.118164,2.714681,0.000000,0.000000,0.000000,0.000000,0.000000,0.000000,HRDATA
"2021-02-07 16:03:00.307",0.000000,0.000000,0.000000,-0.039642,-2.515015,0.310989,2.534479,0.000000,0.000000,0.000000,0.000000,0.000000,0.000000,HRDATA
"2021-02-07 16:03:00.407",0.000000,0.000000,0.000000,0.157578,-1.466934,0.502686,1.558659,0.000000,0.000000,0.000000,0.000000,0.000000,0.000000,HRDATA
"2021-02-07 16:03:00.507",0.000000,0.000000,0.000000,0.027908,-0.330917,0.018707,0.332619,0.000000,0.000000,0.000000,0.000000,0.000000,0.000000,HRDATA
"2021-02-07 16:03:00.607",0.000000,0.000000,0.000000,-0.008636,0.070114,0.047607,0.085188,0.000000,0.000000,0.000000,0.000000,0.000000,0.000000,HRDATA
"2021-02-07 16:03:00.707",0.000000,0.000000,0.000000,-0.032059,0.226852,0.057358,0.236177,0.000000,0.000000,0.000000,0.000000,0.000000,0.000000,HRDATA
"2021-02-07 16:03:00.807",0.000000,0.000000,0.000000,0.061401,0.245239,0.008438,0.252950,0.000000,0.000000,0.000000,0.000000,0.000000,0.000000,HRDATA
"2021-02-07 16:03:00.907",0.000000,0.000000,0.000000,-0.008163,0.118027,0.021240,0.120200,0.000000,0.000000,0.000000,0.000000,0.000000,0.000000,HRDATA
"2021-02-07 16:03:01.007",0.000000,0.000000,0.000000,0.012863,-0.270172,0.054733,0.275960,0.000000,0.000000,0.000000,0.000000,0.000000,0.000000,HRDATA
"2021-02-07 16:03:01.107",0.000000,0.000000,0.000000,0.143143,-1.760406,0.111267,1.769718,0.000000,0.000000,0.000000,0.000000,0.000000,0.000000,HRDATA
"2021-02-07 16:03:01.207",0.000000,0.000000,0.000000,-0.075867,-2.426422,0.314026,2.447834,0.000000,0.000000,0.000000,0.000000,0.000000,0.000000,HRDATA
"2021-02-07 16:03:01.307",0.000000,0.000000,0.000000,0.158676,-2.596970,0.287430,2.617641,0.000000,0.000000,0.000000,0.000000,0.000000,0.000000,HRDATA
"2021-02-07 16:03:01.407",0.000000,0.000000,0.000000,0.345703,-2.403625,-0.198944,2.436494,0.000000,0.000000,0.000000,0.000000,0.000000,0.000000,HRDATA
"2021-02-07 16:03:01.507",0.000000,0.000000,0.000000,-0.008316,-1.538483,0.164948,1.547322,0.000000,0.000000,0.000000,0.000000,0.000000,0.000000,HRDATA
"2021-02-07 16:03:01.607",0.000000,0.000000,0.000000,0.079651,-1.834518,0.504410,1.904267,0.000000,0.000000,0.000000,0.000000,0.000000,0.000000,HRDATA
"2021-02-07 16:03:01.707",0.000000,0.000000,0.000000,0.167343,-2.707764,-0.128662,2.715979,0.000000,0.000000,0.000000,0.000000,0.000000,0.000000,HRDATA
"2021-02-07 16:03:01.807",0.000000,0.000000,0.000000,-0.083817,-2.486359,0.273849,2.502798,0.000000,0.000000,0.000000,0.000000,0.000000,0.000000,HRDATA
"2021-02-07 16:03:01.907",0.000000,0.000000,0.000000,0.115128,-1.488922,0.541794,1.588611,0.000000,0.000000,0.000000,0.000000,0.000000,0.000000,HRDATA
"2021-02-07 16:03:02.007",0.000000,0.000000,0.000000,0.111694,-0.357132,-0.040558,0.376383,0.000000,0.000000,0.000000,0.000000,0.000000,0.000000,HRDATA
"2021-02-07 16:03:02.107",0.000000,0.000000,0.000000,-0.021912,-0.014481,-0.008926,0.027740,0.000000,0.000000,0.000000,0.000000,0.000000,0.000000,HRDATA
"2021-02-07 16:03:02.207",0.000000,0.000000,0.000000,-0.017319,0.164841,-0.005203,0.165830,0.000000,0.000000,0.000000,0.000000,0.000000,0.000000,HRDATA
"2021-02-07 16:03:02.307",0.000000,0.000000,0.000000,0.015533,0.204208,-0.050156,0.210851,0.000000,0.000000,0.000000,0.000000,0.000000,0.000000,HRDATA
"2021-02-07 16:03:02.407",0.000000,0.000000,0.000000,0.003265,0.158417,-0.022614,0.160056,0.000000,0.000000,0.000000,0.000000,0.000000,0.000000,HRDATA
"2021-02-07 16:03:02.507",0.000000,0.000000,0.000000,0.059036,-0.344986,0.034561,0.351703,0.000000,0.000000,0.000000,0.000000,0.000000,0.000000,HRDATA
"2021-02-07 16:03:02.607",0.000000,0.000000,0.000000,-0.015533,-1.609512,-0.077347,1.611445,0.000000,0.000000,0.000000,0.000000,0.000000,0.000000,HRDATA
"2021-02-07 16:03:02.707",0.000000,0.000000,0.000000,-0.000778,-2.312637,0.209671,2.322123,0.000000,0.000000,0.000000,0.000000,0.000000,0.000000,HRDATA
"2021-02-07 16:03:02.807",0.000000,0.000000,0.000000,0.174255,-2.450577,0.165161,2.462310,0.000000,0.000000,0.000000,0.000000,0.000000,0.000000,HRDATA
"2021-02-07 16:03:02.907",0.000000,0.000000,0.000000,-0.042404,-2.538559,-0.269272,2.553152,0.000000,0.000000,0.000000,0.000000,0.000000,0.000000,HRDATA
"2021-02-07 16:03:03.007",0.000000,0.000000,0.000000,-0.013367,-1.395676,0.203415,1.410485,0.000000,0.000000,0.000000,0.000000,0.000000,0.000000,HRDATA
"2021-02-07 16:03:03.107",0.000000,0.000000,0.000000,-0.081741,-1.634033,0.628403,1.752608,0.000000,0.000000,0.000000,0.000000,0.000000,0.000000,HRDATA
"2021-02-07 16:03:03.207",0.000000,0.000000,0.000000,0.335968,-2.278458,-0.386963,2.335377,0.000000,0.000000,0.000000,0.000000,0.000000,0.000000,HRDATA
"2021-02-07 16:03:03.307",0.000000,0.000000,0.000000,-0.085861,-2.895782,0.371857,2.920823,0.000000,0.000000,0.000000,0.000000,0.000000,0.000000,HRDATA
"2021-02-07 16:03:03.407",0.000000,0.000000,0.000000,0.141922,-1.557510,0.236084,1.581681,0.000000,0.000000,0.000000,0.000000,0.000000,0.000000,HRDATA
"2021-02-07 16:03:03.507",0.000000,0.000000,0.000000,0.007538,-0.694061,0.328949,0.768105,0.000000,0.000000,0.000000,0.000000,0.000000,0.000000,HRDATA
"2021-02-07 16:03:03.607",0.000000,0.000000,0.000000,0.009476,-0.048599,0.034958,0.060611,0.000000,0.000000,0.000000,0.000000,0.000000,0.000000,HRDATA
"2021-02-07 16:03:03.707",0.000000,0.000000,0.000000,-0.028839,0.243103,0.034286,0.247197,0.000000,0.000000,0.000000,0.000000,0.000000,0.000000,HRDATA
"2021-02-07 16:03:03.807",0.000000,0.000000,0.000000,0.010620,0.281082,-0.004456,0.281318,0.000000,0.000000,0.000000,0.000000,0.000000,0.000000,HRDATA
"2021-02-07 16:03:03.906",0.000000,0.000000,0.000000,0.003448,0.124268,-0.003021,0.124352,0.000000,0.000000,0.000000,0.000000,0.000000,0.000000,HRDATA
"2021-02-07 16:03:04.007",0.000000,0.000000,0.000000,0.038986,-0.195023,0.036728,0.202244,0.000000,0.000000,0.000000,0.000000,0.000000,0.000000,HRDATA
"2021-02-07 16:03:04.106",0.000000,0.000000,0.000000,0.008316,-1.155807,0.046204,1.156761,0.000000,0.000000,0.000000,0.000000,0.000000,0.000000,HRDATA
"2021-02-07 16:03:04.207",0.000000,0.000000,0.000000,0.074692,-2.024353,-0.019684,2.025826,0.000000,0.000000,0.000000,0.000000,0.000000,0.000000,HRDATA
"2021-02-07 16:03:04.307",0.000000,0.000000,0.000000,0.126221,-2.310211,0.062775,2.314508,0.000000,0.000000,0.000000,0.000000,0.000000,0.000000,HRDATA
"2021-02-07 16:03:04.406",0.000000,0.000000,0.000000,0.012894,-2.292007,0.165253,2.297993,0.000000,0.000000,0.000000,0.000000,0.000000,0.000000,HRDATA
"2021-02-07 16:03:04.506",0.000000,0.000000,0.000000,-0.148102,-1.554596,0.036575,1.562063,0.000000,0.000000,0.000000,0.000000,0.000000,0.000000,HRDATA
"2021-02-07 16:03:04.607",0.000000,0.000000,0.000000,0.025040,-1.071091,0.146408,1.081341,0.000000,0.000000,0.000000,0.000000,0.000000,0.000000,HRDATA
"2021-02-07 16:03:04.707",0.000000,0.000000,0.000000,0.029205,-0.919067,0.128387,0.928451,0.000000,0.000000,0.000000,0.000000,0.000000,0.000000,HRDATA
"2021-02-07 16:03:04.807",0.000000,0.000000,0.000000,-0.011749,-1.000946,-0.039810,1.001806,0.000000,0.000000,0.000000,0.000000,0.000000,0.000000,HRDATA
"2021-02-07 16:03:04.907",0.000000,0.000000,0.000000,0.088654,-1.108215,-0.128754,1.119186,0.000000,0.000000,0.000000,0.000000,0.000000,0.000000,HRDATA
"2021-02-07 16:03:05.007",0.000000,0.000000,0.000000,0.035736,-1.128983,-0.123383,1.136267,0.000000,0.000000,0.000000,0.000000,0.000000,0.000000,HRDATA
"2021-02-07 16:03:05.107",0.000000,0.000000,0.000000,0.032623,-1.234650,-0.103058,1.239373,0.000000,0.000000,0.000000,0.000000,0.000000,0.000000,HRDATA
"2021-02-07 16:03:05.207",0.000000,0.000000,0.000000,0.068298,-1.082886,-0.138443,1.093834,0.000000,0.000000,0.000000,0.000000,0.000000,0.000000,HRDATA
"2021-02-07 16:03:05.307",0.000000,0.000000,0.000000,0.092697,-0.994583,-0.070831,1.001402,0.000000,0.000000,0.000000,0.000000,0.000000,0.000000,HRDATA
"2021-02-07 16:03:05.407",0.000000,0.000000,0.000000,0.042938,-0.916016,0.006363,0.917044,0.000000,0.000000,0.000000,0.000000,0.000000,0.000000,HRDATA
"2021-02-07 16:03:05.507",0.000000,0.000000,0.000000,0.252594,-2.718216,-0.853119,2.860125,0.000000,0.000000,0.000000,0.000000,0.000000,0.000000,HRDATA
"2021-02-07 16:03:05.607",0.000000,0.000000,0.000000,0.091843,-0.754608,-0.262054,0.804078,0.000000,0.000000,0.000000,0.000000,0.000000,0.000000,HRDATA
"2021-02-07 16:03:05.706",0.000000,0.000000,0.000000,0.108231,-1.044922,-0.135422,1.059205,0.000000,0.000000,0.000000,0.000000,0.000000,0.000000,HRDATA
"2021-02-07 16:03:05.807",0.000000,0.000000,0.000000,-0.007584,-1.131241,0.206543,1.149967,0.000000,0.000000,0.000000,0.000000,0.000000,0.000000,HRDATA
"2021-02-07 16:03:05.906",0.000000,0.000000,0.000000,0.076752,-0.941620,-0.159286,0.958077,0.000000,0.000000,0.000000,0.000000,0.000000,0.000000,HRDATA
"2021-02-07 16:03:06.006",0.000000,0.000000,0.000000,0.057343,-0.913025,-0.198364,0.936083,0.000000,0.000000,0.000000,0.000000,0.000000,0.000000,HRDATA
"2021-02-07 16:03:06.106",0.000000,0.000000,0.000000,0.028122,-1.068863,0.080338,1.072247,0.000000,0.000000,0.000000,0.000000,0.000000,0.000000,HRDATA
"2021-02-07 16:03:06.207",0.000000,0.000000,0.000000,0.054672,-0.971970,-0.103256,0.978967,0.000000,0.000000,0.000000,0.000000,0.000000,0.000000,HRDATA
"2021-02-07 16:03:06.306",0.000000,0.000000,0.000000,0.041672,-0.967987,-0.110489,0.975163,0.000000,0.000000,0.000000,0.000000,0.000000,0.000000,HRDATA
"2021-02-07 16:03:06.406",0.000000,0.000000,0.000000,0.048447,-1.033859,0.003159,1.034999,0.000000,0.000000,0.000000,0.000000,0.000000,0.000000,HRDATA
"2021-02-07 16:03:06.506",0.000000,0.000000,0.000000,0.047897,-0.963898,-0.110886,0.971436,0.000000,0.000000,0.000000,0.000000,0.000000,0.000000,HRDATA
"2021-02-07 16:03:06.606",0.000000,0.000000,0.000000,0.044022,-1.013367,-0.031433,1.014809,0.000000,0.000000,0.000000,0.000000,0.000000,0.000000,HRDATA
"2021-02-07 16:03:06.706",0.000000,0.000000,0.000000,0.048492,-0.982727,-0.081223,0.987270,0.000000,0.000000,0.000000,0.000000,0.000000,0.000000,HRDATA
"2021-02-07 16:03:06.807",0.000000,0.000000,0.000000,0.045807,-1.000214,-0.053009,1.002664,0.000000,0.000000,0.000000,0.000000,0.000000,0.000000,HRDATA
"2021-02-07 16:03:06.906",0.000000,0.000000,0.000000,0.047607,-0.990067,-0.069946,0.993675,0.000000,0.000000,0.000000,0.000000,0.000000,0.000000,HRDATA
"2021-02-07 16:03:07.007",0.000000,0.000000,0.000000,0.046844,-0.996674,-0.059250,0.999531,0.000000,0.000000,0.000000,0.000000,0.000000,0.000000,HRDATA
"2021-02-07 16:03:07.106",0.000000,0.000000,0.000000,0.046021,-0.990860,-0.065826,0.994110,0.000000,0.000000,0.000000,0.000000,0.000000,0.000000,HRDATA
"2021-02-07 16:03:07.206",0.000000,0.000000,0.000000,0.047073,-0.997208,-0.059952,1.000117,0.000000,0.000000,0.000000,0.000000,0.000000,0.000000,HRDATA
"2021-02-07 16:03:07.307",0.000000,0.000000,0.000000,0.045212,-0.991989,-0.064896,0.995137,0.000000,0.000000,0.000000,0.000000,0.000000,0.000000,HRDATA
"2021-02-07 16:03:07.406",0.000000,0.000000,0.000000,0.047333,-0.996307,-0.059387,0.999197,0.000000,0.000000,0.000000,0.000000,0.000000,0.000000,HRDATA
"2021-02-07 16:03:07.506",0.000000,0.000000,0.000000,0.046921,-0.993134,-0.065048,0.996367,0.000000,0.000000,0.000000,0.000000,0.000000,0.000000,HRDATA
"2021-02-07 16:03:07.606",0.000000,0.000000,0.000000,0.046600,-0.995361,-0.061829,0.998368,0.000000,0.000000,0.000000,0.000000,0.000000,0.000000,HRDATA
"2021-02-07 16:03:07.706",0.000000,0.000000,0.000000,0.046524,-0.993729,-0.063568,0.996846,0.000000,0.000000,0.000000,0.000000,0.000000,0.000000,HRDATA
"2021-02-07 16:03:07.806",0.000000,0.000000,0.000000,0.045822,-0.995285,-0.062073,0.998271,0.000000,0.000000,0.000000,0.000000,0.000000,0.000000,HRDATA
"2021-02-07 16:03:07.906",0.000000,0.000000,0.000000,0.045975,-0.993546,-0.063614,0.996641,0.000000,0.000000,0.000000,0.000000,0.000000,0.000000,HRDATA
"2021-02-07 16:03:08.007",0.000000,0.000000,0.000000,0.045624,-0.993210,-0.061722,0.996171,0.000000,0.000000,0.000000,0.000000,0.000000,0.000000,HRDATA
"2021-02-07 16:03:08.108",0.000000,0.000000,0.000000,0.046677,-0.994003,-0.064056,0.997158,0.000000,0.000000,0.000000,0.000000,0.000000,0.000000,HRDATA
"2021-02-07 16:03:08.208",0.000000,0.000000,0.000000,0.046219,-0.994476,-0.061584,0.997453,0.000000,0.000000,0.000000,0.000000,0.000000,0.000000,HRDATA
"2021-02-07 16:03:08.308",0.000000,0.000000,0.000000,0.046936,-0.994156,-0.062790,0.997242,0.000000,0.000000,0.000000,0.000000,0.000000,0.000000,HRDATA
"2021-02-07 16:03:08.407",0.000000,0.000000,0.000000,0.046783,-0.994888,-0.062256,0.997931,0.000000,0.000000,0.000000,0.000000,0.000000,0.000000,HRDATA
"2021-02-07 16:03:08.508",0.000000,0.000000,0.000000,0.046341,-0.994904,-0.062698,0.997954,0.000000,0.000000,0.000000,0.000000,0.000000,0.000000,HRDATA
"2021-02-07 16:03:08.610",0.000000,0.000000,0.000000,0.046295,-0.994995,-0.062195,0.998011,0.000000,0.000000,0.000000,0.000000,0.000000,0.000000,HRDATA
"2021-02-07 16:03:08.710",0.000000,0.000000,0.000000,0.046814,-0.994507,-0.063049,0.997602,0.000000,0.000000,0.000000,0.000000,0.000000,0.000000,HRDATA
"2021-02-07 16:03:08.810",0.000000,0.000000,0.000000,0.046234,-0.994080,-0.062027,0.997085,0.000000,0.000000,0.000000,0.000000,0.000000,0.000000,HRDATA
"2021-02-07 16:03:08.910",0.000000,0.000000,0.000000,0.046906,-0.994385,-0.062897,0.997475,0.000000,0.000000,0.000000,0.000000,0.000000,0.000000,HRDATA
"2021-02-07 16:03:09.010",0.000000,0.000000,0.000000,0.046692,-0.994659,-0.062195,0.997695,0.000000,0.000000,0.000000,0.000000,0.000000,0.000000,HRDATA
"2021-02-07 16:03:09.110",0.000000,0.000000,0.000000,0.046524,-0.993973,-0.061768,0.996976,0.000000,0.000000,0.000000,0.000000,0.000000,0.000000,HRDATA
"2021-02-07 16:03:09.210",0.000000,0.000000,0.000000,0.047073,-0.994644,-0.062057,0.997689,0.000000,0.000000,0.000000,0.000000,0.000000,0.000000,HRDATA
"2021-02-07 16:03:09.310",0.000000,0.000000,0.000000,0.047348,-0.995575,-0.063049,0.998692,0.000000,0.000000,0.000000,0.000000,0.000000,0.000000,HRDATA
"2021-02-07 16:03:09.410",0.000000,0.000000,0.000000,0.046982,-0.994202,-0.062317,0.997260,0.000000,0.000000,0.000000,0.000000,0.000000,0.000000,HRDATA
"2021-02-07 16:03:09.510",0.000000,0.000000,0.000000,0.046478,-0.995010,-0.062500,0.998054,0.000000,0.000000,0.000000,0.000000,0.000000,0.000000,HRDATA
"2021-02-07 16:03:09.610",0.000000,0.000000,0.000000,0.046402,-0.993912,-0.062546,0.996958,0.000000,0.000000,0.000000,0.000000,0.000000,0.000000,HRDATA
"2021-02-07 16:03:09.711",0.000000,0.000000,0.000000,0.046555,-0.994156,-0.061722,0.997157,0.000000,0.000000,0.000000,0.000000,0.000000,0.000000,HRDATA
"2021-02-07 16:03:09.810",0.000000,0.000000,0.000000,0.047165,-0.994003,-0.061768,0.997037,0.000000,0.000000,0.000000,0.000000,0.000000,0.000000,HRDATA
"2021-02-07 16:03:09.910",0.000000,0.000000,0.000000,0.046982,-0.995224,-0.062195,0.998272,0.000000,0.000000,0.000000,0.000000,0.000000,0.000000,HRDATA
"2021-02-07 16:03:10.010",0.000000,0.000000,0.000000,0.046692,-0.993912,-0.061752,0.996922,0.000000,0.000000,0.000000,0.000000,0.000000,0.000000,HRDATA
"2021-02-07 16:03:10.110",0.000000,0.000000,0.000000,0.046021,-0.995392,-0.061630,0.998359,0.000000,0.000000,0.000000,0.000000,0.000000,0.000000,HRDATA
"2021-02-07 16:03:10.210",0.000000,0.000000,0.000000,0.046417,-0.994843,-0.061050,0.997794,0.000000,0.000000,0.000000,0.000000,0.000000,0.000000,HRDATA
"2021-02-07 16:03:10.310",0.000000,0.000000,0.000000,0.045853,-0.994568,-0.061295,0.997509,0.000000,0.000000,0.000000,0.000000,0.000000,0.000000,HRDATA
"2021-02-07 16:03:10.410",0.000000,0.000000,0.000000,0.046143,-0.995209,-0.061325,0.998163,0.000000,0.000000,0.000000,0.000000,0.000000,0.000000,HRDATA
"2021-02-07 16:03:10.510",0.000000,0.000000,0.000000,0.047043,-0.994644,-0.060379,0.997585,0.000000,0.000000,0.000000,0.000000,0.000000,0.000000,HRDATA
"2021-02-07 16:03:10.610",0.000000,0.000000,0.000000,0.046906,-0.993912,-0.060028,0.996827,0.000000,0.000000,0.000000,0.000000,0.000000,0.000000,HRDATA
"2021-02-07 16:03:10.710",0.000000,0.000000,0.000000,0.045837,-0.994827,-0.059906,0.997683,0.000000,0.000000,0.000000,0.000000,0.000000,0.000000,HRDATA
"2021-02-07 16:03:10.810",0.000000,0.000000,0.000000,0.036514,-1.083755,0.057785,1.085909,0.000000,0.000000,0.000000,0.000000,0.000000,0.000000,HRDATA
"2021-02-07 16:03:10.910",0.000000,0.000000,0.000000,0.050003,-0.933182,-0.148224,0.946202,0.000000,0.000000,0.000000,0.000000,0.000000,0.000000,HRDATA
"2021-02-07 16:03:11.010",0.000000,0.000000,0.000000,0.016556,-1.578522,0.384766,1.624823,0.000000,0.000000,0.000000,0.000000,0.000000,0.000000,HRDATA
"2021-02-07 16:03:11.110",0.000000,0.000000,0.000000,0.003052,-1.139938,-0.062241,1.141640,0.000000,0.000000,0.000000,0.000000,0.000000,0.000000,HRDATA
"2021-02-07 16:03:11.210",0.000000,0.000000,0.000000,0.024841,-0.877304,-0.162079,0.892496,0.000000,0.000000,0.000000,0.000000,0.000000,0.000000,HRDATA
"2021-02-07 16:03:11.310",0.000000,0.000000,0.000000,0.041245,-1.422058,0.152069,1.430760,0.000000,0.000000,0.000000,0.000000,0.000000,0.000000,HRDATA
"2021-02-07 16:03:11.410",0.000000,0.000000,0.000000,0.147369,-1.138611,0.084122,1.151186,0.000000,0.000000,0.000000,0.000000,0.000000,0.000000,HRDATA
"2021-02-07 16:03:11.510",0.000000,0.000000,0.000000,0.001465,-0.940063,0.295471,0.985406,0.000000,0.000000,0.000000,0.000000,0.000000,0.000000,HRDATA
"2021-02-07 16:03:11.610",0.000000,0.000000,0.000000,-0.012741,-0.917969,0.187332,0.936975,0.000000,0.000000,0.000000,0.000000,0.000000,0.000000,HRDATA
"2021-02-07 16:03:11.710",0.000000,0.000000,0.000000,0.170654,-1.123718,-0.092316,1.140345,0.000000,0.000000,0.000000,0.000000,0.000000,0.000000,HRDATA
"2021-02-07 16:03:11.808",0.000000,0.000000,0.000000,-0.128326,-1.459045,0.377762,1.512609,0.000000,0.000000,0.000000,0.000000,0.000000,0.000000,HRDATA
"2021-02-07 16:03:11.912",0.000000,0.000000,0.000000,-0.006317,-1.966980,0.589371,2.053389,0.000000,0.000000,0.000000,0.000000,0.000000,0.000000,HRDATA
"2021-02-07 16:03:12.011",0.000000,0.000000,0.000000,0.245605,-2.970673,0.024078,2.980905,0.000000,0.000000,0.000000,0.000000,0.000000,0.000000,HRDATA
"2021-02-07 16:03:12.108",0.000000,0.000000,0.000000,-0.034561,-2.457535,0.326050,2.479310,0.000000,0.000000,0.000000,0.000000,0.000000,0.000000,HRDATA
"2021-02-07 16:03:12.210",0.000000,0.000000,0.000000,0.050262,-1.173019,0.522659,1.285175,0.000000,0.000000,0.000000,0.000000,0.000000,0.000000,HRDATA
"2021-02-07 16:03:12.308",0.000000,0.000000,0.000000,0.091782,-0.210175,0.206406,0.308546,0.000000,0.000000,0.000000,0.000000,0.000000,0.000000,HRDATA
"2021-02-07 16:03:12.410",0.000000,0.000000,0.000000,0.003326,0.182892,0.081696,0.200336,0.000000,0.000000,0.000000,0.000000,0.000000,0.000000,HRDATA
"2021-02-07 16:03:12.510",0.000000,0.000000,0.000000,-0.003204,0.253891,0.076126,0.265078,0.000000,0.000000,0.000000,0.000000,0.000000,0.000000,HRDATA
"2021-02-07 16:03:12.608",0.000000,0.000000,0.000000,0.021042,0.203690,-0.012009,0.205125,0.000000,0.000000,0.000000,0.000000,0.000000,0.000000,HRDATA
"2021-02-07 16:03:12.707",0.000000,0.000000,0.000000,0.033798,-0.006180,-0.027664,0.044111,0.000000,0.000000,0.000000,0.000000,0.000000,0.000000,HRDATA
"2021-02-07 16:03:12.808",0.000000,0.000000,0.000000,-0.006531,-0.800232,0.067444,0.803096,0.000000,0.000000,0.000000,0.000000,0.000000,0.000000,HRDATA
"2021-02-07 16:03:12.910",0.000000,0.000000,0.000000,-0.062225,-1.947006,0.184570,1.956725,0.000000,0.000000,0.000000,0.000000,0.000000,0.000000,HRDATA
"2021-02-07 16:03:13.010",0.000000,0.000000,0.000000,0.029816,-2.378677,0.225357,2.389515,0.000000,0.000000,0.000000,0.000000,0.000000,0.000000,HRDATA
"2021-02-07 16:03:13.110",0.000000,0.000000,0.000000,0.150192,-2.521713,0.147644,2.530493,0.000000,0.000000,0.000000,0.000000,0.000000,0.000000,HRDATA
"2021-02-07 16:03:13.210",0.000000,0.000000,0.000000,-0.139328,-2.039902,-0.099091,2.047054,0.000000,0.000000,0.000000,0.000000,0.000000,0.000000,HRDATA
"2021-02-07 16:03:13.310",0.000000,0.000000,0.000000,-0.011124,-1.445435,0.219940,1.462114,0.000000,0.000000,0.000000,0.000000,0.000000,0.000000,HRDATA
"2021-02-07 16:03:13.410",0.000000,0.000000,0.000000,-0.071243,-1.861053,0.560959,1.945063,0.000000,0.000000,0.000000,0.000000,0.000000,0.000000,HRDATA
"2021-02-07 16:03:13.510",0.000000,0.000000,0.000000,0.105682,-2.484894,-0.146378,2.491444,0.000000,0.000000,0.000000,0.000000,0.000000,0.000000,HRDATA
"2021-02-07 16:03:13.610",0.000000,0.000000,0.000000,-0.167953,-2.641205,0.304611,2.664012,0.000000,0.000000,0.000000,0.000000,0.000000,0.000000,HRDATA
"2021-02-07 16:03:13.710",0.000000,0.000000,0.000000,0.152908,-1.751999,0.552856,1.843511,0.000000,0.000000,0.000000,0.000000,0.000000,0.000000,HRDATA
"2021-02-07 16:03:13.810",0.000000,0.000000,0.000000,0.033997,-0.302048,0.239838,0.387183,0.000000,0.000000,0.000000,0.000000,0.000000,0.000000,HRDATA
"2021-02-07 16:03:13.910",0.000000,0.000000,0.000000,-0.001709,0.138794,0.065353,0.153420,0.000000,0.000000,0.000000,0.000000,0.000000,0.000000,HRDATA
"2021-02-07 16:03:14.010",0.000000,0.000000,0.000000,0.007233,0.189209,0.096619,0.212574,0.000000,0.000000,0.000000,0.000000,0.000000,0.000000,HRDATA
"2021-02-07 16:03:14.110",0.000000,0.000000,0.000000,0.029800,0.142441,0.061569,0.158013,0.000000,0.000000,0.000000,0.000000,0.000000,0.000000,HRDATA
"2021-02-07 16:03:14.210",0.000000,0.000000,0.000000,0.043335,0.005249,0.001114,0.043666,0.000000,0.000000,0.000000,0.000000,0.000000,0.000000,HRDATA
"2021-02-07 16:03:14.310",0.000000,0.000000,0.000000,-0.050385,-0.420639,0.055832,0.427309,0.000000,0.000000,0.000000,0.000000,0.000000,0.000000,HRDATA
"2021-02-07 16:03:14.410",0.000000,0.000000,0.000000,0.066086,-1.700211,0.053848,1.702346,0.000000,0.000000,0.000000,0.000000,0.000000,0.000000,HRDATA
"2021-02-07 16:03:14.510",0.000000,0.000000,0.000000,0.004700,-2.601776,0.198853,2.609368,0.000000,0.000000,0.000000,0.000000,0.000000,0.000000,HRDATA
"2021-02-07 16:03:14.610",0.000000,0.000000,0.000000,0.054443,-2.528931,0.249603,2.541802,0.000000,0.000000,0.000000,0.000000,0.000000,0.000000,HRDATA
"2021-02-07 16:03:14.713",0.000000,0.000000,0.000000,-0.046371,-2.247528,-0.080383,2.249443,0.000000,0.000000,0.000000,0.000000,0.000000,0.000000,HRDATA
"2021-02-07 16:03:14.809",0.000000,0.000000,0.000000,-0.035156,-1.492096,0.248657,1.513082,0.000000,0.000000,0.000000,0.000000,0.000000,0.000000,HRDATA
"2021-02-07 16:03:14.910",0.000000,0.000000,0.000000,-0.071838,-1.777161,0.516205,1.852007,0.000000,0.000000,0.000000,0.000000,0.000000,0.000000,HRDATA
"2021-02-07 16:03:15.010",0.000000,0.000000,0.000000,0.275589,-2.591721,-0.213165,2.615034,0.000000,0.000000,0.000000,0.000000,0.000000,0.000000,HRDATA
"2021-02-07 16:03:15.110",0.000000,0.000000,0.000000,-0.178589,-2.628036,0.288147,2.649811,0.000000,0.000000,0.000000,0.000000,0.000000,0.000000,HRDATA
"2021-02-07 16:03:15.210",0.000000,0.000000,0.000000,0.191376,-1.811111,0.587662,1.913660,0.000000,0.000000,0.000000,0.000000,0.000000,0.000000,HRDATA
"2021-02-07 16:03:15.310",0.000000,0.000000,0.000000,0.013275,-0.307083,0.143723,0.339312,0.000000,0.000000,0.000000,0.000000,0.000000,0.000000,HRDATA
"2021-02-07 16:03:15.410",0.000000,0.000000,0.000000,-0.005341,0.019165,0.047180,0.051203,0.000000,0.000000,0.000000,0.000000,0.000000,0.000000,HRDATA
"2021-02-07 16:03:15.510",0.000000,0.000000,0.000000,0.009003,0.248245,0.037155,0.251172,0.000000,0.000000,0.000000,0.000000,0.000000,0.000000,HRDATA
"2021-02-07 16:03:15.610",0.000000,0.000000,0.000000,0.010529,0.276291,0.002213,0.276500,0.000000,0.000000,0.000000,0.000000,0.000000,0.000000,HRDATA
"2021-02-07 16:03:15.710",0.000000,0.000000,0.000000,0.015381,0.136627,-0.009766,0.137837,0.000000,0.000000,0.000000,0.000000,0.000000,0.000000,HRDATA
"2021-02-07 16:03:15.810",0.000000,0.000000,0.000000,-0.017883,-0.324738,0.087601,0.336821,0.000000,0.000000,0.000000,0.000000,0.000000,0.000000,HRDATA
"2021-02-07 16:03:15.910",0.000000,0.000000,0.000000,0.034256,-1.671524,0.100708,1.674905,0.000000,0.000000,0.000000,0.000000,0.000000,0.000000,HRDATA
"2021-02-07 16:03:16.010",0.000000,0.000000,0.000000,0.020203,-2.401505,0.239960,2.413548,0.000000,0.000000,0.000000,0.000000,0.000000,0.000000,HRDATA
"2021-02-07 16:03:16.110",0.000000,0.000000,0.000000,0.100784,-2.552597,0.254272,2.567209,0.000000,0.000000,0.000000,0.000000,0.000000,0.000000,HRDATA
"2021-02-07 16:03:16.210",0.000000,0.000000,0.000000,-0.028839,-2.031189,-0.024292,2.031539,0.000000,0.000000,0.000000,0.000000,0.000000,0.000000,HRDATA
"2021-02-07 16:03:16.310",0.000000,0.000000,0.000000,-0.008850,-1.655228,0.137817,1.660979,0.000000,0.000000,0.000000,0.000000,0.000000,0.000000,HRDATA
"2021-02-07 16:03:16.410",0.000000,0.000000,0.000000,0.029480,-1.681152,0.456726,1.742338,0.000000,0.000000,0.000000,0.000000,0.000000,0.000000,HRDATA
"2021-02-07 16:03:16.511",0.000000,0.000000,0.000000,0.078751,-2.569077,0.053131,2.570832,0.000000,0.000000,0.000000,0.000000,0.000000,0.000000,HRDATA
"2021-02-07 16:03:16.610",0.000000,0.000000,0.000000,-0.017014,-2.789062,0.211121,2.797093,0.000000,0.000000,0.000000,0.000000,0.000000,0.000000,HRDATA
"2021-02-07 16:03:16.710",0.000000,0.000000,0.000000,0.156326,-1.907974,0.481598,1.974016,0.000000,0.000000,0.000000,0.000000,0.000000,0.000000,HRDATA
"2021-02-07 16:03:16.810",0.000000,0.000000,0.000000,0.025970,-0.389267,0.286621,0.484102,0.000000,0.000000,0.000000,0.000000,0.000000,0.000000,HRDATA
"2021-02-07 16:03:16.910",0.000000,0.000000,0.000000,-0.011353,0.043106,0.040375,0.060143,0.000000,0.000000,0.000000,0.000000,0.000000,0.000000,HRDATA
"2021-02-07 16:03:17.010",0.000000,0.000000,0.000000,0.011551,0.131577,0.046555,0.140047,0.000000,0.000000,0.000000,0.000000,0.000000,0.000000,HRDATA
"2021-02-07 16:03:17.110",0.000000,0.000000,0.000000,0.039429,0.152191,-0.016037,0.158032,0.000000,0.000000,0.000000,0.000000,0.000000,0.000000,HRDATA
"2021-02-07 16:03:17.210",0.000000,0.000000,0.000000,0.036102,0.120712,-0.037827,0.131551,0.000000,0.000000,0.000000,0.000000,0.000000,0.000000,HRDATA
"2021-02-07 16:03:17.309",0.000000,0.000000,0.000000,0.027313,-0.195374,0.056564,0.205223,0.000000,0.000000,0.000000,0.000000,0.000000,0.000000,HRDATA
"2021-02-07 16:03:17.409",0.000000,0.000000,0.000000,0.018646,-1.557800,0.090607,1.560544,0.000000,0.000000,0.000000,0.000000,0.000000,0.000000,HRDATA
"2021-02-07 16:03:17.508",0.000000,0.000000,0.000000,-0.047546,-2.184586,0.109344,2.187837,0.000000,0.000000,0.000000,0.000000,0.000000,0.000000,HRDATA
"2021-02-07 16:03:17.610",0.000000,0.000000,0.000000,-0.010239,-2.469528,0.344482,2.493460,0.000000,0.000000,0.000000,0.000000,0.000000,0.000000,HRDATA
"2021-02-07 16:03:17.710",0.000000,0.000000,0.000000,0.276855,-2.148788,-0.282898,2.184942,0.000000,0.000000,0.000000,0.000000,0.000000,0.000000,HRDATA
"2021-02-07 16:03:17.809",0.000000,0.000000,0.000000,-0.034164,-1.823410,0.208893,1.835655,0.000000,0.000000,0.000000,0.000000,0.000000,0.000000,HRDATA
"2021-02-07 16:03:17.910",0.000000,0.000000,0.000000,-0.146393,-1.451340,0.541611,1.556008,0.000000,0.000000,0.000000,0.000000,0.000000,0.000000,HRDATA
"2021-02-07 16:03:18.010",0.000000,0.000000,0.000000,0.308517,-2.329666,0.044357,2.350424,0.000000,0.000000,0.000000,0.000000,0.000000,0.000000,HRDATA
"2021-02-07 16:03:18.108",0.000000,0.000000,0.000000,-0.188202,-2.935471,0.189072,2.947568,0.000000,0.000000,0.000000,0.000000,0.000000,0.000000,HRDATA
"2021-02-07 16:03:18.210",0.000000,0.000000,0.000000,0.106522,-2.002823,0.386185,2.042495,0.000000,0.000000,0.000000,0.000000,0.000000,0.000000,HRDATA
"2021-02-07 16:03:18.310",0.000000,0.000000,0.000000,0.073898,-0.662491,0.294830,0.728890,0.000000,0.000000,0.000000,0.000000,0.000000,0.000000,HRDATA
"2021-02-07 16:03:18.409",0.000000,0.000000,0.000000,0.014938,-0.063416,0.045303,0.079354,0.000000,0.000000,0.000000,0.000000,0.000000,0.000000,HRDATA
"2021-02-07 16:03:18.510",0.000000,0.000000,0.000000,-0.022583,0.158691,0.027420,0.162619,0.000000,0.000000,0.000000,0.000000,0.000000,0.000000,HRDATA
"2021-02-07 16:03:18.610",0.000000,0.000000,0.000000,0.000488,0.281586,-0.010864,0.281796,0.000000,0.000000,0.000000,0.000000,0.000000,0.000000,HRDATA
"2021-02-07 16:03:18.710",0.000000,0.000000,0.000000,0.042450,0.188690,-0.031158,0.195900,0.000000,0.000000,0.000000,0.000000,0.000000,0.000000,HRDATA
"2021-02-07 16:03:18.810",0.000000,0.000000,0.000000,0.038376,-0.065796,0.017593,0.078175,0.000000,0.000000,0.000000,0.000000,0.000000,0.000000,HRDATA
"2021-02-07 16:03:18.910",0.000000,0.000000,0.000000,-0.072479,-0.902832,0.079559,0.909224,0.000000,0.000000,0.000000,0.000000,0.000000,0.000000,HRDATA
"2021-02-07 16:03:19.010",0.000000,0.000000,0.000000,0.078796,-1.981354,0.112488,1.986108,0.000000,0.000000,0.000000,0.000000,0.000000,0.000000,HRDATA
"2021-02-07 16:03:19.109",0.000000,0.000000,0.000000,0.047791,-2.295517,0.034973,2.296281,0.000000,0.000000,0.000000,0.000000,0.000000,0.000000,HRDATA
"2021-02-07 16:03:19.210",0.000000,0.000000,0.000000,0.044876,-2.156204,0.124176,2.160243,0.000000,0.000000,0.000000,0.000000,0.000000,0.000000,HRDATA
"2021-02-07 16:03:19.309",0.000000,0.000000,0.000000,0.070038,-1.858185,-0.025803,1.859683,0.000000,0.000000,0.000000,0.000000,0.000000,0.000000,HRDATA
"2021-02-07 16:03:19.409",0.000000,0.000000,0.000000,0.002518,-1.133469,0.117737,1.139570,0.000000,0.000000,0.000000,0.000000,0.000000,0.000000,HRDATA
"2021-02-07 16:03:19.510",0.000000,0.000000,0.000000,0.026230,-0.958420,0.121429,0.966438,0.000000,0.000000,0.000000,0.000000,0.000000,0.000000,HRDATA
"2021-02-07 16:03:19.610",0.000000,0.000000,0.000000,-0.015884,-1.029449,0.087372,1.033273,0.000000,0.000000,0.000000,0.000000,0.000000,0.000000,HRDATA
"2021-02-07 16:03:19.711",0.000000,0.000000,0.000000,0.063248,-1.019165,-0.083008,1.024494,0.000000,0.000000,0.000000,0.000000,0.000000,0.000000,HRDATA
"2021-02-07 16:03:19.810",0.000000,0.000000,0.000000,0.086594,-1.104630,-0.243637,1.134488,0.000000,0.000000,0.000000,0.000000,0.000000,0.000000,HRDATA
"2021-02-07 16:03:19.910",0.000000,0.000000,0.000000,0.055618,-1.398911,-0.061737,1.401376,0.000000,0.000000,0.000000,0.000000,0.000000,0.000000,HRDATA
"2021-02-07 16:03:20.009",0.000000,0.000000,0.000000,-0.006989,-1.199265,-0.094666,1.203015,0.000000,0.000000,0.000000,0.000000,0.000000,0.000000,HRDATA
"2021-02-07 16:03:20.107",0.000000,0.000000,0.000000,0.090775,-1.079620,-0.137848,1.092164,0.000000,0.000000,0.000000,0.000000,0.000000,0.000000,HRDATA
"2021-02-07 16:03:20.207",0.000000,0.000000,0.000000,0.023209,-0.888443,-0.044312,0.889850,0.000000,0.000000,0.000000,0.000000,0.000000,0.000000,HRDATA
"2021-02-07 16:03:20.307",0.000000,0.000000,0.000000,0.282562,-2.155090,-0.717789,2.288990,0.000000,0.000000,0.000000,0.000000,0.000000,0.000000,HRDATA
"2021-02-07 16:03:20.407",0.000000,0.000000,0.000000,0.099014,-0.913818,-0.247574,0.951925,0.000000,0.000000,0.000000,0.000000,0.000000,0.000000,HRDATA
"2021-02-07 16:03:20.508",0.000000,0.000000,0.000000,0.042969,-1.152374,0.005188,1.153187,0.000000,0.000000,0.000000,0.000000,0.000000,0.000000,HRDATA
"2021-02-07 16:03:20.610",0.000000,0.000000,0.000000,0.065796,-1.097336,0.107986,1.104598,0.000000,0.000000,0.000000,0.000000,0.000000,0.000000,HRDATA
"2021-02-07 16:03:20.710",0.000000,0.000000,0.000000,0.038010,-0.913849,-0.173462,0.930942,0.000000,0.000000,0.000000,0.000000,0.000000,0.000000,HRDATA
"2021-02-07 16:03:20.810",0.000000,0.000000,0.000000,0.067474,-1.043762,0.020844,1.046149,0.000000,0.000000,0.000000,0.000000,0.000000,0.000000,HRDATA
"2021-02-07 16:03:20.910",0.000000,0.000000,0.000000,0.032715,-0.964203,-0.102219,0.970158,0.000000,0.000000,0.000000,0.000000,0.000000,0.000000,HRDATA
"2021-02-07 16:03:21.010",0.000000,0.000000,0.000000,0.059708,-1.008408,-0.038666,1.010913,0.000000,0.000000,0.000000,0.000000,0.000000,0.000000,HRDATA
"2021-02-07 16:03:21.110",0.000000,0.000000,0.000000,0.039627,-0.980484,-0.077682,0.984354,0.000000,0.000000,0.000000,0.000000,0.000000,0.000000,HRDATA
"2021-02-07 16:03:21.210",0.000000,0.000000,0.000000,0.053696,-1.007294,-0.039215,1.009486,0.000000,0.000000,0.000000,0.000000,0.000000,0.000000,HRDATA
"2021-02-07 16:03:21.310",0.000000,0.000000,0.000000,0.047287,-0.985550,-0.071167,0.989247,0.000000,0.000000,0.000000,0.000000,0.000000,0.000000,HRDATA
"2021-02-07 16:03:21.410",0.000000,0.000000,0.000000,0.048615,-1.001862,-0.043884,1.004000,0.000000,0.000000,0.000000,0.000000,0.000000,0.000000,HRDATA
"2021-02-07 16:03:21.510",0.000000,0.000000,0.000000,0.049896,-0.990189,-0.064026,0.993510,0.000000,0.000000,0.000000,0.000000,0.000000,0.000000,HRDATA
"2021-02-07 16:03:21.610",0.000000,0.000000,0.000000,0.048935,-0.998352,-0.051300,1.000866,0.000000,0.000000,0.000000,0.000000,0.000000,0.000000,HRDATA
"2021-02-07 16:03:21.710",0.000000,0.000000,0.000000,0.049530,-0.994278,-0.057465,0.997168,0.000000,0.000000,0.000000,0.000000,0.000000,0.000000,HRDATA
"2021-02-07 16:03:21.810",0.000000,0.000000,0.000000,0.049942,-0.994385,-0.056931,0.997264,0.000000,0.000000,0.000000,0.000000,0.000000,0.000000,HRDATA
"2021-02-07 16:03:21.910",0.000000,0.000000,0.000000,0.048019,-0.996964,-0.055771,0.999676,0.000000,0.000000,0.000000,0.000000,0.000000,0.000000,HRDATA
"2021-02-07 16:03:22.010",0.000000,0.000000,0.000000,0.048645,-0.993118,-0.058762,0.996044,0.000000,0.000000,0.000000,0.000000,0.000000,0.000000,HRDATA
"2021-02-07 16:03:22.110",0.000000,0.000000,0.000000,0.049927,-0.995102,-0.055786,0.997914,0.000000,0.000000,0.000000,0.000000,0.000000,0.000000,HRDATA
"2021-02-07 16:03:22.209",0.000000,0.000000,0.000000,0.048447,-0.994171,-0.056717,0.996965,0.000000,0.000000,0.000000,0.000000,0.000000,0.000000,HRDATA
"2021-02-07 16:03:22.310",0.000000,0.000000,0.000000,0.048721,-0.994354,-0.056198,0.997132,0.000000,0.000000,0.000000,0.000000,0.000000,0.000000,HRDATA
"2021-02-07 16:03:22.410",0.000000,0.000000,0.000000,0.048798,-0.995270,-0.055740,0.998023,0.000000,0.000000,0.000000,0.000000,0.000000,0.000000,HRDATA
"2021-02-07 16:03:22.507",0.000000,0.000000,0.000000,0.049332,-0.994019,-0.056427,0.996840,0.000000,0.000000,0.000000,0.000000,0.000000,0.000000,HRDATA
"2021-02-07 16:03:22.608",0.000000,0.000000,0.000000,0.048248,-0.995270,-0.055847,0.998002,0.000000,0.000000,0.000000,0.000000,0.000000,0.000000,HRDATA
"2021-02-07 16:03:22.710",0.000000,0.000000,0.000000,0.049637,-0.995697,-0.055191,0.998460,0.000000,0.000000,0.000000,0.000000,0.000000,0.000000,HRDATA
"2021-02-07 16:03:22.810",0.000000,0.000000,0.000000,0.048691,-0.994354,-0.056915,0.997171,0.000000,0.000000,0.000000,0.000000,0.000000,0.000000,HRDATA
"2021-02-07 16:03:22.910",0.000000,0.000000,0.000000,0.048996,-0.994553,-0.056183,0.997342,0.000000,0.000000,0.000000,0.000000,0.000000,0.000000,HRDATA
"2021-02-07 16:03:23.010",0.000000,0.000000,0.000000,0.049072,-0.994720,-0.056656,0.997540,0.000000,0.000000,0.000000,0.000000,0.000000,0.000000,HRDATA
"2021-02-07 16:03:23.110",0.000000,0.000000,0.000000,0.048355,-0.995468,-0.056503,0.998242,0.000000,0.000000,0.000000,0.000000,0.000000,0.000000,HRDATA
"2021-02-07 16:03:23.210",0.000000,0.000000,0.000000,0.048843,-0.993988,-0.056076,0.996766,0.000000,0.000000,0.000000,0.000000,0.000000,0.000000,HRDATA
"2021-02-07 16:03:23.309",0.000000,0.000000,0.000000,0.049454,-0.995224,-0.055176,0.997978,0.000000,0.000000,0.000000,0.000000,0.000000,0.000000,HRDATA
"2021-02-07 16:03:23.409",0.000000,0.000000,0.000000,0.048859,-0.995285,-0.057755,0.998156,0.000000,0.000000,0.000000,0.000000,0.000000,0.000000,HRDATA
"2021-02-07 16:03:23.510",0.000000,0.000000,0.000000,0.048065,-0.995346,-0.055145,0.998031,0.000000,0.000000,0.000000,0.000000,0.000000,0.000000,HRDATA
"2021-02-07 16:03:23.610",0.000000,0.000000,0.000000,0.049698,-0.994873,-0.055939,0.997683,0.000000,0.000000,0.000000,0.000000,0.000000,0.000000,HRDATA
"2021-02-07 16:03:23.710",0.000000,0.000000,0.000000,0.049545,-0.994324,-0.056427,0.997155,0.000000,0.000000,0.000000,0.000000,0.000000,0.000000,HRDATA
"2021-02-07 16:03:23.810",0.000000,0.000000,0.000000,0.048325,-0.994629,-0.055756,0.997362,0.000000,0.000000,0.000000,0.000000,0.000000,0.000000,HRDATA
"2021-02-07 16:03:23.911",0.000000,0.000000,0.000000,0.048965,-0.994736,-0.055618,0.997492,0.000000,0.000000,0.000000,0.000000,0.000000,0.000000,HRDATA
"2021-02-07 16:03:24.010",0.000000,0.000000,0.000000,0.049072,-0.993729,-0.056107,0.996520,0.000000,0.000000,0.000000,0.000000,0.000000,0.000000,HRDATA
"2021-02-07 16:03:24.110",0.000000,0.000000,0.000000,0.048752,-0.995270,-0.054962,0.997978,0.000000,0.000000,0.000000,0.000000,0.000000,0.000000,HRDATA
"2021-02-07 16:03:24.210",0.000000,0.000000,0.000000,0.048569,-0.995300,-0.056137,0.998065,0.000000,0.000000,0.000000,0.000000,0.000000,0.000000,HRDATA
"2021-02-07 16:03:24.310",0.000000,0.000000,0.000000,0.049423,-0.994659,-0.056702,0.997499,0.000000,0.000000,0.000000,0.000000,0.000000,0.000000,HRDATA
"2021-02-07 16:03:24.410",0.000000,0.000000,0.000000,0.048721,-0.995544,-0.055313,0.998270,0.000000,0.000000,0.000000,0.000000,0.000000,0.000000,HRDATA
"2021-02-07 16:03:24.510",0.000000,0.000000,0.000000,0.048218,-0.995560,-0.056107,0.998305,0.000000,0.000000,0.000000,0.000000,0.000000,0.000000,HRDATA
"2021-02-07 16:03:24.610",0.000000,0.000000,0.000000,0.048492,-0.995377,-0.055939,0.998126,0.000000,0.000000,0.000000,0.000000,0.000000,0.000000,HRDATA
"2021-02-07 16:03:24.711",0.000000,0.000000,0.000000,0.049789,-0.994812,-0.056641,0.997666,0.000000,0.000000,0.000000,0.000000,0.000000,0.000000,HRDATA
"2021-02-07 16:03:24.810",0.000000,0.000000,0.000000,0.049393,-0.995560,-0.056839,0.998403,0.000000,0.000000,0.000000,0.000000,0.000000,0.000000,HRDATA
"2021-02-07 16:03:24.910",0.000000,0.000000,0.000000,0.049927,-0.994095,-0.055771,0.996909,0.000000,0.000000,0.000000,0.000000,0.000000,0.000000,HRDATA
"2021-02-07 16:03:25.010",0.000000,0.000000,0.000000,0.049454,-0.995529,-0.055908,0.998323,0.000000,0.000000,0.000000,0.000000,0.000000,0.000000,HRDATA
"2021-02-07 16:03:25.110",0.000000,0.000000,0.000000,0.048904,-0.994949,-0.057007,0.997780,0.000000,0.000000,0.000000,0.000000,0.000000,0.000000,HRDATA
"2021-02-07 16:03:25.210",0.000000,0.000000,0.000000,0.050400,-0.994690,-0.055923,0.997535,0.000000,0.000000,0.000000,0.000000,0.000000,0.000000,HRDATA
"2021-02-07 16:03:25.310",0.000000,0.000000,0.000000,0.049011,-0.994629,-0.056641,0.997445,0.000000,0.000000,0.000000,0.000000,0.000000,0.000000,HRDATA
"2021-02-07 16:03:25.410",0.000000,0.000000,0.000000,0.048294,-0.994888,-0.056931,0.997685,0.000000,0.000000,0.000000,0.000000,0.000000,0.000000,HRDATA
"2021-02-07 16:03:25.510",0.000000,0.000000,0.000000,0.050110,-0.995041,-0.056198,0.997886,0.000000,0.000000,0.000000,0.000000,0.000000,0.000000,HRDATA
"2021-02-07 16:03:25.610",0.000000,0.000000,0.000000,0.049286,-0.994385,-0.056076,0.997183,0.000000,0.000000,0.000000,0.000000,0.000000,0.000000,HRDATA
"2021-02-07 16:03:25.709",0.000000,0.000000,0.000000,0.049637,-0.994598,-0.059265,0.997598,0.000000,0.000000,0.000000,0.000000,0.000000,0.000000,HRDATA
"2021-02-07 16:03:25.810",0.000000,0.000000,0.000000,0.049774,-0.995956,-0.061356,0.999085,0.000000,0.000000,0.000000,0.000000,0.000000,0.000000,HRDATA
"2021-02-07 16:03:25.910",0.000000,0.000000,0.000000,0.065628,-1.047607,-0.028625,1.050051,0.000000,0.000000,0.000000,0.000000,0.000000,0.000000,HRDATA
"2021-02-07 16:03:26.010",0.000000,0.000000,0.000000,0.102951,-0.961090,-0.206619,0.988425,0.000000,0.000000,0.000000,0.000000,0.000000,0.000000,HRDATA
"2021-02-07 16:03:26.110",0.000000,0.000000,0.000000,0.076324,-1.366516,0.286835,1.398380,0.000000,0.000000,0.000000,0.000000,0.000000,0.000000,HRDATA
"2021-02-07 16:03:26.210",0.000000,0.000000,0.000000,0.011887,-1.120224,-0.004623,1.120297,0.000000,0.000000,0.000000,0.000000,0.000000,0.000000,HRDATA
"2021-02-07 16:03:26.306",0.000000,0.000000,0.000000,-0.006058,-0.927338,-0.038254,0.928146,0.000000,0.000000,0.000000,0.000000,0.000000,0.000000,HRDATA
"2021-02-07 16:03:26.407",0.000000,0.000000,0.000000,-0.046127,-1.212509,0.107666,1.218154,0.000000,0.000000,0.000000,0.000000,0.000000,0.000000,HRDATA
"2021-02-07 16:03:26.509",0.000000,0.000000,0.000000,0.039902,-1.269730,0.069992,1.272283,0.000000,0.000000,0.000000,0.000000,0.000000,0.000000,HRDATA
"2021-02-07 16:03:26.610",0.000000,0.000000,0.000000,0.032684,-1.114670,0.182709,1.130017,0.000000,0.000000,0.000000,0.000000,0.000000,0.000000,HRDATA
"2021-02-07 16:03:26.710",0.000000,0.000000,0.000000,-0.044937,-0.968155,0.154861,0.981491,0.000000,0.000000,0.000000,0.000000,0.000000,0.000000,HRDATA
"2021-02-07 16:03:26.810",0.000000,0.000000,0.000000,0.194870,-0.974091,-0.050766,0.994688,0.000000,0.000000,0.000000,0.000000,0.000000,0.000000,HRDATA
"2021-02-07 16:03:26.909",0.000000,0.000000,0.000000,-0.131500,-1.310730,0.211929,1.334249,0.000000,0.000000,0.000000,0.000000,0.000000,0.000000,HRDATA
"2021-02-07 16:03:27.009",0.000000,0.000000,0.000000,0.001907,-1.899094,0.614120,1.995922,0.000000,0.000000,0.000000,0.000000,0.000000,0.000000,HRDATA
"2021-02-07 16:03:27.109",0.000000,0.000000,0.000000,0.005356,-2.821335,0.008972,2.821354,0.000000,0.000000,0.000000,0.000000,0.000000,0.000000,HRDATA
"2021-02-07 16:03:27.209",0.000000,0.000000,0.000000,-0.068497,-2.337662,0.359741,2.366172,0.000000,0.000000,0.000000,0.000000,0.000000,0.000000,HRDATA
"2021-02-07 16:03:27.309",0.000000,0.000000,0.000000,0.117935,-1.280685,0.572647,1.407831,0.000000,0.000000,0.000000,0.000000,0.000000,0.000000,HRDATA
"2021-02-07 16:03:27.408",0.000000,0.000000,0.000000,0.038437,-0.309128,0.122452,0.334712,0.000000,0.000000,0.000000,0.000000,0.000000,0.000000,HRDATA
"2021-02-07 16:03:27.509",0.000000,0.000000,0.000000,-0.035248,0.099960,0.042847,0.114325,0.000000,0.000000,0.000000,0.000000,0.000000,0.000000,HRDATA
"2021-02-07 16:03:27.609",0.000000,0.000000,0.000000,0.015518,0.200363,0.020111,0.201967,0.000000,0.000000,0.000000,0.000000,0.000000,0.000000,HRDATA
"2021-02-07 16:03:27.709",0.000000,0.000000,0.000000,0.010040,0.161911,-0.005096,0.162302,0.000000,0.000000,0.000000,0.000000,0.000000,0.000000,HRDATA
"2021-02-07 16:03:27.810",0.000000,0.000000,0.000000,0.040558,-0.026138,0.004791,0.048488,0.000000,0.000000,0.000000,0.000000,0.000000,0.000000,HRDATA
"2021-02-07 16:03:27.910",0.000000,0.000000,0.000000,-0.051849,-0.654053,0.067245,0.659542,0.000000,0.000000,0.000000,0.000000,0.000000,0.000000,HRDATA
"2021-02-07 16:03:28.009",0.000000,0.000000,0.000000,0.078751,-1.960297,0.144821,1.967216,0.000000,0.000000,0.000000,0.000000,0.000000,0.000000,HRDATA
"2021-02-07 16:03:28.109",0.000000,0.000000,0.000000,-0.061813,-2.303513,0.262619,2.319258,0.000000,0.000000,0.000000,0.000000,0.000000,0.000000,HRDATA
"2021-02-07 16:03:28.210",0.000000,0.000000,0.000000,0.084900,-2.513611,0.173355,2.521012,0.000000,0.000000,0.000000,0.000000,0.000000,0.000000,HRDATA
"2021-02-07 16:03:28.309",0.000000,0.000000,0.000000,0.230255,-2.069977,-0.038879,2.083107,0.000000,0.000000,0.000000,0.000000,0.000000,0.000000,HRDATA
"2021-02-07 16:03:28.410",0.000000,0.000000,0.000000,-0.060059,-1.335526,0.172394,1.347945,0.000000,0.000000,0.000000,0.000000,0.000000,0.000000,HRDATA
"2021-02-07 16:03:28.509",0.000000,0.000000,0.000000,-0.043274,-1.927597,0.516159,1.995977,0.000000,0.000000,0.000000,0.000000,0.000000,0.000000,HRDATA
"2021-02-07 16:03:28.609",0.000000,0.000000,0.000000,0.035156,-2.662033,0.004517,2.662269,0.000000,0.000000,0.000000,0.000000,0.000000,0.000000,HRDATA
"2021-02-07 16:03:28.710",0.000000,0.000000,0.000000,-0.032242,-2.585739,0.273438,2.600357,0.000000,0.000000,0.000000,0.000000,0.000000,0.000000,HRDATA
"2021-02-07 16:03:28.810",0.000000,0.000000,0.000000,0.111954,-1.711792,0.584320,1.812235,0.000000,0.000000,0.000000,0.000000,0.000000,0.000000,HRDATA
"2021-02-07 16:03:28.910",0.000000,0.000000,0.000000,-0.000687,-0.262375,0.042679,0.265824,0.000000,0.000000,0.000000,0.000000,0.000000,0.000000,HRDATA
"2021-02-07 16:03:29.009",0.000000,0.000000,0.000000,-0.006256,0.009796,0.059586,0.060709,0.000000,0.000000,0.000000,0.000000,0.000000,0.000000,HRDATA
"2021-02-07 16:03:29.109",0.000000,0.000000,0.000000,-0.013168,0.202576,0.012222,0.203371,0.000000,0.000000,0.000000,0.000000,0.000000,0.000000,HRDATA
"2021-02-07 16:03:29.209",0.000000,0.000000,0.000000,0.009216,0.197800,-0.023621,0.199418,0.000000,0.000000,0.000000,0.000000,0.000000,0.000000,HRDATA
"2021-02-07 16:03:29.309",0.000000,0.000000,0.000000,0.039078,0.120514,-0.005798,0.126824,0.000000,0.000000,0.000000,0.000000,0.000000,0.000000,HRDATA
"2021-02-07 16:03:29.410",0.000000,0.000000,0.000000,0.016815,-0.237366,0.041519,0.241556,0.000000,0.000000,0.000000,0.000000,0.000000,0.000000,HRDATA
"2021-02-07 16:03:29.510",0.000000,0.000000,0.000000,0.043213,-1.476273,-0.112869,1.481212,0.000000,0.000000,0.000000,0.000000,0.000000,0.000000,HRDATA
"2021-02-07 16:03:29.610",0.000000,0.000000,0.000000,0.032227,-2.607285,0.229996,2.617608,0.000000,0.000000,0.000000,0.000000,0.000000,0.000000,HRDATA
"2021-02-07 16:03:29.711",0.000000,0.000000,0.000000,-0.002457,-2.620743,0.252579,2.632887,0.000000,0.000000,0.000000,0.000000,0.000000,0.000000,HRDATA
"2021-02-07 16:03:29.810",0.000000,0.000000,0.000000,0.220505,-2.418823,-0.219788,2.438777,0.000000,0.000000,0.000000,0.000000,0.000000,0.000000,HRDATA
"2021-02-07 16:03:29.910",0.000000,0.000000,0.000000,0.031097,-1.590927,0.169006,1.600181,0.000000,0.000000,0.000000,0.000000,0.000000,0.000000,HRDATA
"2021-02-07 16:03:30.009",0.000000,0.000000,0.000000,0.008820,-1.879349,0.640915,1.985649,0.000000,0.000000,0.000000,0.000000,0.000000,0.000000,HRDATA
"2021-02-07 16:03:30.110",0.000000,0.000000,0.000000,0.105072,-2.811401,-0.077927,2.814443,0.000000,0.000000,0.000000,0.000000,0.000000,0.000000,HRDATA
"2021-02-07 16:03:30.210",0.000000,0.000000,0.000000,-0.055267,-2.570526,0.291168,2.587554,0.000000,0.000000,0.000000,0.000000,0.000000,0.000000,HRDATA
"2021-02-07 16:03:30.310",0.000000,0.000000,0.000000,0.105881,-1.622650,0.697052,1.769205,0.000000,0.000000,0.000000,0.000000,0.000000,0.000000,HRDATA
"2021-02-07 16:03:30.410",0.000000,0.000000,0.000000,0.016281,-0.156464,-0.020599,0.158651,0.000000,0.000000,0.000000,0.000000,0.000000,0.000000,HRDATA
"2021-02-07 16:03:30.510",0.000000,0.000000,0.000000,0.002975,-0.044708,0.018097,0.048324,0.000000,0.000000,0.000000,0.000000,0.000000,0.000000,HRDATA
"2021-02-07 16:03:30.610",0.000000,0.000000,0.000000,-0.014496,0.158081,0.022278,0.160300,0.000000,0.000000,0.000000,0.000000,0.000000,0.000000,HRDATA
"2021-02-07 16:03:30.710",0.000000,0.000000,0.000000,0.011963,0.247437,-0.031586,0.249731,0.000000,0.000000,0.000000,0.000000,0.000000,0.000000,HRDATA
"2021-02-07 16:03:30.810",0.000000,0.000000,0.000000,0.054199,0.195679,-0.044739,0.207916,0.000000,0.000000,0.000000,0.000000,0.000000,0.000000,HRDATA
"2021-02-07 16:03:30.910",0.000000,0.000000,0.000000,0.096573,-0.255402,-0.043716,0.276527,0.000000,0.000000,0.000000,0.000000,0.000000,0.000000,HRDATA
"2021-02-07 16:03:31.010",0.000000,0.000000,0.000000,0.002533,-1.772522,0.188797,1.782550,0.000000,0.000000,0.000000,0.000000,0.000000,0.000000,HRDATA
"2021-02-07 16:03:31.110",0.000000,0.000000,0.000000,0.060257,-2.434540,0.055786,2.435924,0.000000,0.000000,0.000000,0.000000,0.000000,0.000000,HRDATA
"2021-02-07 16:03:31.210",0.000000,0.000000,0.000000,-0.065628,-2.375366,0.255508,2.389970,0.000000,0.000000,0.000000,0.000000,0.000000,0.000000,HRDATA
"2021-02-07 16:03:31.310",0.000000,0.000000,0.000000,0.230728,-2.401581,-0.249390,2.425494,0.000000,0.000000,0.000000,0.000000,0.000000,0.000000,HRDATA
"2021-02-07 16:03:31.410",0.000000,0.000000,0.000000,-0.022034,-1.615997,0.166290,1.624680,0.000000,0.000000,0.000000,0.000000,0.000000,0.000000,HRDATA
"2021-02-07 16:03:31.510",0.000000,0.000000,0.000000,-0.002121,-1.958771,0.505920,2.023053,0.000000,0.000000,0.000000,0.000000,0.000000,0.000000,HRDATA
"2021-02-07 16:03:31.610",0.000000,0.000000,0.000000,0.041214,-2.649414,-0.197906,2.657115,0.000000,0.000000,0.000000,0.000000,0.000000,0.000000,HRDATA
"2021-02-07 16:03:31.710",0.000000,0.000000,0.000000,-0.057144,-2.514114,0.266647,2.528861,0.000000,0.000000,0.000000,0.000000,0.000000,0.000000,HRDATA
"2021-02-07 16:03:31.810",0.000000,0.000000,0.000000,0.122665,-1.503403,0.542603,1.603023,0.000000,0.000000,0.000000,0.000000,0.000000,0.000000,HRDATA
"2021-02-07 16:03:31.910",0.000000,0.000000,0.000000,0.020981,-0.275040,0.032043,0.277694,0.000000,0.000000,0.000000,0.000000,0.000000,0.000000,HRDATA
"2021-02-07 16:03:32.009",0.000000,0.000000,0.000000,0.015549,0.033829,-0.016998,0.040928,0.000000,0.000000,0.000000,0.000000,0.000000,0.000000,HRDATA
"2021-02-07 16:03:32.110",0.000000,0.000000,0.000000,0.012329,0.186020,-0.001617,0.186435,0.000000,0.000000,0.000000,0.000000,0.000000,0.000000,HRDATA
"2021-02-07 16:03:32.210",0.000000,0.000000,0.000000,0.000839,0.224518,-0.012161,0.224849,0.000000,0.000000,0.000000,0.000000,0.000000,0.000000,HRDATA
"2021-02-07 16:03:32.310",0.000000,0.000000,0.000000,0.054550,0.103470,-0.005386,0.117093,0.000000,0.000000,0.000000,0.000000,0.000000,0.000000,HRDATA
"2021-02-07 16:03:32.409",0.000000,0.000000,0.000000,-0.002182,-0.277939,0.032455,0.279836,0.000000,0.000000,0.000000,0.000000,0.000000,0.000000,HRDATA
"2021-02-07 16:03:32.509",0.000000,0.000000,0.000000,-0.049637,-1.710220,0.003494,1.710944,0.000000,0.000000,0.000000,0.000000,0.000000,0.000000,HRDATA
"2021-02-07 16:03:32.609",0.000000,0.000000,0.000000,0.080093,-2.562286,0.185165,2.570216,0.000000,0.000000,0.000000,0.000000,0.000000,0.000000,HRDATA
"2021-02-07 16:03:32.710",0.000000,0.000000,0.000000,-0.025650,-2.394272,0.275146,2.410166,0.000000,0.000000,0.000000,0.000000,0.000000,0.000000,HRDATA
"2021-02-07 16:03:32.809",0.000000,0.000000,0.000000,0.166229,-2.377701,-0.154175,2.388486,0.000000,0.000000,0.000000,0.000000,0.000000,0.000000,HRDATA
"2021-02-07 16:03:32.910",0.000000,0.000000,0.000000,-0.029846,-1.569473,0.216446,1.584609,0.000000,0.000000,0.000000,0.000000,0.000000,0.000000,HRDATA
"2021-02-07 16:03:33.011",0.000000,0.000000,0.000000,-0.132080,-1.617050,0.585220,1.724755,0.000000,0.000000,0.000000,0.000000,0.000000,0.000000,HRDATA
"2021-02-07 16:03:33.109",0.000000,0.000000,0.000000,0.175430,-2.421387,-0.257065,2.441305,0.000000,0.000000,0.000000,0.000000,0.000000,0.000000,HRDATA
"2021-02-07 16:03:33.209",0.000000,0.000000,0.000000,-0.177887,-2.828812,0.338394,2.854528,0.000000,0.000000,0.000000,0.000000,0.000000,0.000000,HRDATA
"2021-02-07 16:03:33.309",0.000000,0.000000,0.000000,0.144119,-1.948669,0.584061,2.039414,0.000000,0.000000,0.000000,0.000000,0.000000,0.000000,HRDATA
"2021-02-07 16:03:33.408",0.000000,0.000000,0.000000,0.025879,-0.446884,0.170563,0.479027,0.000000,0.000000,0.000000,0.000000,0.000000,0.000000,HRDATA
"2021-02-07 16:03:33.508",0.000000,0.000000,0.000000,-0.035172,-0.020248,0.062561,0.074572,0.000000,0.000000,0.000000,0.000000,0.000000,0.000000,HRDATA
"2021-02-07 16:03:33.610",0.000000,0.000000,0.000000,0.018982,0.153030,0.020416,0.155549,0.000000,0.000000,0.000000,0.000000,0.000000,0.000000,HRDATA
"2021-02-07 16:03:33.709",0.000000,0.000000,0.000000,0.036575,0.208191,-0.005768,0.211458,0.000000,0.000000,0.000000,0.000000,0.000000,0.000000,HRDATA
"2021-02-07 16:03:33.810",0.000000,0.000000,0.000000,0.016190,0.174759,-0.009552,0.175767,0.000000,0.000000,0.000000,0.000000,0.000000,0.000000,HRDATA
"2021-02-07 16:03:33.909",0.000000,0.000000,0.000000,0.049469,-0.096344,0.036240,0.114204,0.000000,0.000000,0.000000,0.000000,0.000000,0.000000,HRDATA
"2021-02-07 16:03:34.010",0.000000,0.000000,0.000000,0.019180,-1.187012,0.064774,1.188932,0.000000,0.000000,0.000000,0.000000,0.000000,0.000000,HRDATA
"2021-02-07 16:03:34.110",0.000000,0.000000,0.000000,0.103149,-2.139526,-0.026535,2.142176,0.000000,0.000000,0.000000,0.000000,0.000000,0.000000,HRDATA
"2021-02-07 16:03:34.210",0.000000,0.000000,0.000000,0.001358,-2.387344,0.178741,2.394027,0.000000,0.000000,0.000000,0.000000,0.000000,0.000000,HRDATA
"2021-02-07 16:03:34.310",0.000000,0.000000,0.000000,0.103821,-2.135071,-0.003342,2.137596,0.000000,0.000000,0.000000,0.000000,0.000000,0.000000,HRDATA
"2021-02-07 16:03:34.410",0.000000,0.000000,0.000000,0.072540,-1.745026,0.164993,1.754309,0.000000,0.000000,0.000000,0.000000,0.000000,0.000000,HRDATA
"2021-02-07 16:03:34.510",0.000000,0.000000,0.000000,0.014999,-1.035568,0.156937,1.047500,0.000000,0.000000,0.000000,0.000000,0.000000,0.000000,HRDATA
"2021-02-07 16:03:34.610",0.000000,0.000000,0.000000,-0.007629,-1.041168,0.211380,1.062436,0.000000,0.000000,0.000000,0.000000,0.000000,0.000000,HRDATA
"2021-02-07 16:03:34.711",0.000000,0.000000,0.000000,0.056046,-1.055710,0.036575,1.057829,0.000000,0.000000,0.000000,0.000000,0.000000,0.000000,HRDATA
"2021-02-07 16:03:34.810",0.000000,0.000000,0.000000,0.066635,-1.148254,-0.084137,1.153259,0.000000,0.000000,0.000000,0.000000,0.000000,0.000000,HRDATA
"2021-02-07 16:03:34.910",0.000000,0.000000,0.000000,0.023209,-1.230194,-0.093414,1.233954,0.000000,0.000000,0.000000,0.000000,0.000000,0.000000,HRDATA
"2021-02-07 16:03:35.010",0.000000,0.000000,0.000000,0.026016,-1.162567,-0.206314,1.181019,0.000000,0.000000,0.000000,0.000000,0.000000,0.000000,HRDATA
"2021-02-07 16:03:35.110",0.000000,0.000000,0.000000,0.011475,-1.254654,-0.140945,1.262598,0.000000,0.000000,0.000000,0.000000,0.000000,0.000000,HRDATA
"2021-02-07 16:03:35.210",0.000000,0.000000,0.000000,0.096634,-0.951752,-0.089783,0.960849,0.000000,0.000000,0.000000,0.000000,0.000000,0.000000,HRDATA
"2021-02-07 16:03:35.310",0.000000,0.000000,0.000000,0.066330,-0.873932,-0.008118,0.876483,0.000000,0.000000,0.000000,0.000000,0.000000,0.000000,HRDATA
"2021-02-07 16:03:35.410",0.000000,0.000000,0.000000,0.036774,-3.344299,-1.087189,3.516770,0.000000,0.000000,0.000000,0.000000,0.000000,0.000000,HRDATA
"2021-02-07 16:03:35.509",0.000000,0.000000,0.000000,-0.036957,-1.232468,-0.239288,1.256026,0.000000,0.000000,0.000000,0.000000,0.000000,0.000000,HRDATA
"2021-02-07 16:03:35.610",0.000000,0.000000,0.000000,0.068649,-1.324844,0.067856,1.328356,0.000000,0.000000,0.000000,0.000000,0.000000,0.000000,HRDATA
"2021-02-07 16:03:35.710",0.000000,0.000000,0.000000,0.066467,-1.036575,0.035614,1.039315,0.000000,0.000000,0.000000,0.000000,0.000000,0.000000,HRDATA
"2021-02-07 16:03:35.810",0.000000,0.000000,0.000000,0.009247,-0.922974,-0.172363,0.938975,0.000000,0.000000,0.000000,0.000000,0.000000,0.000000,HRDATA
"2021-02-07 16:03:35.910",0.000000,0.000000,0.000000,0.054626,-1.036987,-0.003174,1.038430,0.000000,0.000000,0.000000,0.000000,0.000000,0.000000,HRDATA
"2021-02-07 16:03:36.010",0.000000,0.000000,0.000000,0.048553,-0.987137,-0.078659,0.991455,0.000000,0.000000,0.000000,0.000000,0.000000,0.000000,HRDATA
"2021-02-07 16:03:36.110",0.000000,0.000000,0.000000,0.031235,-0.985687,-0.079132,0.989352,0.000000,0.000000,0.000000,0.000000,0.000000,0.000000,HRDATA
"2021-02-07 16:03:36.209",0.000000,0.000000,0.000000,0.053436,-1.009781,-0.042877,1.012102,0.000000,0.000000,0.000000,0.000000,0.000000,0.000000,HRDATA
"2021-02-07 16:03:36.310",0.000000,0.000000,0.000000,0.034180,-0.980179,-0.084564,0.984413,0.000000,0.000000,0.000000,0.000000,0.000000,0.000000,HRDATA
"2021-02-07 16:03:36.409",0.000000,0.000000,0.000000,0.046982,-1.006134,-0.047134,1.008333,0.000000,0.000000,0.000000,0.000000,0.000000,0.000000,HRDATA
"2021-02-07 16:03:36.510",0.000000,0.000000,0.000000,0.040543,-0.986496,-0.077087,0.990334,0.000000,0.000000,0.000000,0.000000,0.000000,0.000000,HRDATA
"2021-02-07 16:03:36.610",0.000000,0.000000,0.000000,0.044754,-1.001450,-0.053635,1.003883,0.000000,0.000000,0.000000,0.000000,0.000000,0.000000,HRDATA
"2021-02-07 16:03:36.709",0.000000,0.000000,0.000000,0.041168,-0.990784,-0.070679,0.994154,0.000000,0.000000,0.000000,0.000000,0.000000,0.000000,HRDATA
"2021-02-07 16:03:36.810",0.000000,0.000000,0.000000,0.043640,-0.997818,-0.058823,1.000503,0.000000,0.000000,0.000000,0.000000,0.000000,0.000000,HRDATA
"2021-02-07 16:03:36.909",0.000000,0.000000,0.000000,0.040527,-0.993790,-0.064056,0.996676,0.000000,0.000000,0.000000,0.000000,0.000000,0.000000,HRDATA
"2021-02-07 16:03:37.009",0.000000,0.000000,0.000000,0.042236,-0.995270,-0.062973,0.998154,0.000000,0.000000,0.000000,0.000000,0.000000,0.000000,HRDATA
"2021-02-07 16:03:37.109",0.000000,0.000000,0.000000,0.041138,-0.996567,-0.062057,0.999344,0.000000,0.000000,0.000000,0.000000,0.000000,0.000000,HRDATA
"2021-02-07 16:03:37.210",0.000000,0.000000,0.000000,0.040970,-0.995422,-0.064926,0.998378,0.000000,0.000000,0.000000,0.000000,0.000000,0.000000,HRDATA
"2021-02-07 16:03:37.310",0.000000,0.000000,0.000000,0.041611,-0.996521,-0.060913,0.999248,0.000000,0.000000,0.000000,0.000000,0.000000,0.000000,HRDATA
"2021-02-07 16:03:37.410",0.000000,0.000000,0.000000,0.042099,-0.995178,-0.064514,0.998155,0.000000,0.000000,0.000000,0.000000,0.000000,0.000000,HRDATA
"2021-02-07 16:03:37.510",0.000000,0.000000,0.000000,0.042572,-0.995438,-0.062363,0.998297,0.000000,0.000000,0.000000,0.000000,0.000000,0.000000,HRDATA
"2021-02-07 16:03:37.610",0.000000,0.000000,0.000000,0.041458,-0.995102,-0.064102,0.998026,0.000000,0.000000,0.000000,0.000000,0.000000,0.000000,HRDATA
"2021-02-07 16:03:37.709",0.000000,0.000000,0.000000,0.042038,-0.995529,-0.063477,0.998436,0.000000,0.000000,0.000000,0.000000,0.000000,0.000000,HRDATA
"2021-02-07 16:03:37.810",0.000000,0.000000,0.000000,0.041519,-0.995178,-0.063126,0.998042,0.000000,0.000000,0.000000,0.000000,0.000000,0.000000,HRDATA
"2021-02-07 16:03:37.909",0.000000,0.000000,0.000000,0.042114,-0.995544,-0.064087,0.998494,0.000000,0.000000,0.000000,0.000000,0.000000,0.000000,HRDATA
"2021-02-07 16:03:38.009",0.000000,0.000000,0.000000,0.042038,-0.995316,-0.062775,0.998179,0.000000,0.000000,0.000000,0.000000,0.000000,0.000000,HRDATA
"2021-02-07 16:03:38.109",0.000000,0.000000,0.000000,0.042206,-0.994125,-0.063019,0.997015,0.000000,0.000000,0.000000,0.000000,0.000000,0.000000,HRDATA
"2021-02-07 16:03:38.209",0.000000,0.000000,0.000000,0.042114,-0.995667,-0.064148,0.998619,0.000000,0.000000,0.000000,0.000000,0.000000,0.000000,HRDATA
"2021-02-07 16:03:38.310",0.000000,0.000000,0.000000,0.041946,-0.996490,-0.063141,0.999370,0.000000,0.000000,0.000000,0.000000,0.000000,0.000000,HRDATA
"2021-02-07 16:03:38.410",0.000000,0.000000,0.000000,0.041748,-0.995361,-0.062988,0.998226,0.000000,0.000000,0.000000,0.000000,0.000000,0.000000,HRDATA
"2021-02-07 16:03:38.510",0.000000,0.000000,0.000000,0.042480,-0.995575,-0.062927,0.998466,0.000000,0.000000,0.000000,0.000000,0.000000,0.000000,HRDATA
"2021-02-07 16:03:38.609",0.000000,0.000000,0.000000,0.041946,-0.995071,-0.063095,0.997952,0.000000,0.000000,0.000000,0.000000,0.000000,0.000000,HRDATA
"2021-02-07 16:03:38.710",0.000000,0.000000,0.000000,0.041870,-0.994446,-0.062363,0.997279,0.000000,0.000000,0.000000,0.000000,0.000000,0.000000,HRDATA
"2021-02-07 16:03:38.810",0.000000,0.000000,0.000000,0.041031,-0.995453,-0.063904,0.998345,0.000000,0.000000,0.000000,0.000000,0.000000,0.000000,HRDATA
"2021-02-07 16:03:38.910",0.000000,0.000000,0.000000,0.041824,-0.995178,-0.062469,0.998014,0.000000,0.000000,0.000000,0.000000,0.000000,0.000000,HRDATA
"2021-02-07 16:03:39.009",0.000000,0.000000,0.000000,0.041855,-0.995361,-0.062744,0.998215,0.000000,0.000000,0.000000,0.000000,0.000000,0.000000,HRDATA
"2021-02-07 16:03:39.110",0.000000,0.000000,0.000000,0.041046,-0.996185,-0.062668,0.998998,0.000000,0.000000,0.000000,0.000000,0.000000,0.000000,HRDATA
"2021-02-07 16:03:39.209",0.000000,0.000000,0.000000,0.042755,-0.995071,-0.063248,0.997996,0.000000,0.000000,0.000000,0.000000,0.000000,0.000000,HRDATA
"2021-02-07 16:03:39.310",0.000000,0.000000,0.000000,0.041428,-0.994446,-0.062973,0.997299,0.000000,0.000000,0.000000,0.000000,0.000000,0.000000,HRDATA
"2021-02-07 16:03:39.410",0.000000,0.000000,0.000000,0.041458,-0.995102,-0.062637,0.997933,0.000000,0.000000,0.000000,0.000000,0.000000,0.000000,HRDATA
"2021-02-07 16:03:39.510",0.000000,0.000000,0.000000,0.041260,-0.995941,-0.062866,0.998776,0.000000,0.000000,0.000000,0.000000,0.000000,0.000000,HRDATA
"2021-02-07 16:03:39.610",0.000000,0.000000,0.000000,0.041107,-0.995819,-0.062164,0.998604,0.000000,0.000000,0.000000,0.000000,0.000000,0.000000,HRDATA
"2021-02-07 16:03:39.710",0.000000,0.000000,0.000000,0.041702,-0.994583,-0.062729,0.997431,0.000000,0.000000,0.000000,0.000000,0.000000,0.000000,HRDATA
"2021-02-07 16:03:39.809",0.000000,0.000000,0.000000,0.041153,-0.995316,-0.062653,0.998134,0.000000,0.000000,0.000000,0.000000,0.000000,0.000000,HRDATA
"2021-02-07 16:03:39.909",0.000000,0.000000,0.000000,0.042206,-0.995514,-0.062744,0.998382,0.000000,0.000000,0.000000,0.000000,0.000000,0.000000,HRDATA
"2021-02-07 16:03:40.009",0.000000,0.000000,0.000000,0.042191,-0.994553,-0.062592,0.997413,0.000000,0.000000,0.000000,0.000000,0.000000,0.000000,HRDATA
"2021-02-07 16:03:40.109",0.000000,0.000000,0.000000,0.041748,-0.995102,-0.062561,0.997940,0.000000,0.000000,0.000000,0.000000,0.000000,0.000000,HRDATA
"2021-02-07 16:03:40.209",0.000000,0.000000,0.000000,0.042603,-0.994354,-0.063141,0.997267,0.000000,0.000000,0.000000,0.000000,0.000000,0.000000,HRDATA
"2021-02-07 16:03:40.309",0.000000,0.000000,0.000000,0.041275,-0.995697,-0.063278,0.998559,0.000000,0.000000,0.000000,0.000000,0.000000,0.000000,HRDATA
"2021-02-07 16:03:40.409",0.000000,0.000000,0.000000,0.041809,-0.996674,-0.062805,0.999525,0.000000,0.000000,0.000000,0.000000,0.000000,0.000000,HRDATA
"2021-02-07 16:03:40.507",0.000000,0.000000,0.000000,0.041428,-0.994919,-0.062164,0.997719,0.000000,0.000000,0.000000,0.000000,0.000000,0.000000,HRDATA
"2021-02-07 16:03:40.607",0.000000,0.000000,0.000000,0.042404,-0.995209,-0.061981,0.998038,0.000000,0.000000,0.000000,0.000000,0.000000,0.000000,HRDATA
"2021-02-07 16:03:40.710",0.000000,0.000000,0.000000,0.042923,-0.995850,-0.062988,0.998762,0.000000,0.000000,0.000000,0.000000,0.000000,0.000000,HRDATA
"2021-02-07 16:03:40.809",0.000000,0.000000,0.000000,0.042389,-0.994644,-0.063263,0.997555,0.000000,0.000000,0.000000,0.000000,0.000000,0.000000,HRDATA
"2021-02-07 16:03:40.909",0.000000,0.000000,0.000000,0.041489,-0.994202,-0.062531,0.997030,0.000000,0.000000,0.000000,0.000000,0.000000,0.000000,HRDATA
"2021-02-07 16:03:41.009",0.000000,0.000000,0.000000,0.042587,-0.995132,-0.062454,0.997999,0.000000,0.000000,0.000000,0.000000,0.000000,0.000000,HRDATA
"2021-02-07 16:03:41.110",0.000000,0.000000,0.000000,0.041534,-0.994690,-0.063705,0.997593,0.000000,0.000000,0.000000,0.000000,0.000000,0.000000,HRDATA
"2021-02-07 16:03:41.209",0.000000,0.000000,0.000000,0.042297,-0.996216,-0.062744,0.999086,0.000000,0.000000,0.000000,0.000000,0.000000,0.000000,HRDATA
"2021-02-07 16:03:41.309",0.000000,0.000000,0.000000,0.041229,-0.996353,-0.062881,0.999186,0.000000,0.000000,0.000000,0.000000,0.000000,0.000000,HRDATA
"2021-02-07 16:03:41.408",0.000000,0.000000,0.000000,0.042007,-0.994705,-0.062973,0.997581,0.000000,0.000000,0.000000,0.000000,0.000000,0.000000,HRDATA
"2021-02-07 16:03:41.509",0.000000,0.000000,0.000000,0.041901,-0.994766,-0.061432,0.997542,0.000000,0.000000,0.000000,0.000000,0.000000,0.000000,HRDATA
"2021-02-07 16:03:41.609",0.000000,0.000000,0.000000,0.043152,-0.992828,-0.105698,0.999371,0.000000,0.000000,0.000000,0.000000,0.000000,0.000000,HRDATA
"2021-02-07 16:03:41.709",0.000000,0.000000,0.000000,0.033218,-0.998886,-0.071472,1.001991,0.000000,0.000000,0.000000,0.000000,0.000000,0.000000,HRDATA
"2021-02-07 16:03:41.809",0.000000,0.000000,0.000000,0.043198,-0.994598,-0.062714,0.997509,0.000000,0.000000,0.000000,0.000000,0.000000,0.000000,HRDATA
"2021-02-07 16:03:41.909",0.000000,0.000000,0.000000,0.043243,-0.994644,-0.062881,0.997568,0.000000,0.000000,0.000000,0.000000,0.000000,0.000000,HRDATA
"2021-02-07 16:03:42.009",0.000000,0.000000,0.000000,0.040390,-0.995605,-0.063583,0.998451,0.000000,0.000000,0.000000,0.000000,0.000000,0.000000,HRDATA
"2021-02-07 16:03:42.109",0.000000,0.000000,0.000000,0.041580,-0.996506,-0.061615,0.999274,0.000000,0.000000,0.000000,0.000000,0.000000,0.000000,HRDATA
"2021-02-07 16:03:42.208",0.000000,0.000000,0.000000,0.041626,-0.996628,-0.062912,0.999479,0.000000,0.000000,0.000000,0.000000,0.000000,0.000000,HRDATA
